"TD304  Collaborative Classroom [RT202]  (30),TD306  Collaborative Classroom [RT202]  (42),TD224  Technology Lab [RT304]  (30),TD226  Classroom [RT202]  (30),TD302  Practical Delivery - (Childrens Development) [RT314]  (24),TD305  Collaborative Classroom [RT202]  (30),TD307  Collaborative Classroom (Blended) [RT202]  (30),TD320  Wet Labs - (Physics Electonics) [RT302]  (24),TD333  Classroom [RT202]  (30),TD334/TD335  Practical Delivery - (Childrens Development) [RT314]  (30),TD337  Wet Labs - (Biotechnology) [RT301]  (20)"
"Displaying Dates: 29 Dec 25 to 28 Mar 27"
"Exported Mon, 15 Dec 2025, 1:43:43 pm"

"Activity Name","Unit","Activity Type Name","Day","Start","End","Activity Duration","Teacher","Location","Teaching Week","Date(s)"
"​0BFacilities_1_HVAC_NTP_SUT_1/HV1/01","0BFacilities_1_NTP_SUT_1  Project","Project","Mon","6:00pm","10:00pm","4:00","","TD306TD FoyerTD102aTD122TD198TD203/TD204TD207TD209TD210TD216TD218TD220TD224TD226TD302TD305TD307TD320TD334/TD335TD337","1-5​"
"​0BFacilities_1_HVAC_NTP_SUT_1/HV1/01","0BFacilities_1_NTP_SUT_1  Project","Project","Tue","6:00pm","10:00pm","4:00","","TD306TD FoyerTD102aTD122TD198TD203/TD204TD207TD209TD210TD216TD218TD220TD224TD226TD302TD305TD307TD320TD334/TD335TD337","1-5​"
"​0BFacilities_1_HVAC_NTP_SUT_1/HV1/01","0BFacilities_1_NTP_SUT_1  Project","Project","Wed","6:00pm","10:00pm","4:00","","TD306TD FoyerTD102aTD122TD198TD203/TD204TD207TD209TD210TD216TD218TD220TD224TD226TD302TD305TD307TD320TD334/TD335TD337","1-5​"
"​0BFacilities_1_HVAC_NTP_SUT_1/HV1/01","0BFacilities_1_NTP_SUT_1  Project","Project","Thu","6:00pm","10:00pm","4:00","","TD306TD FoyerTD102aTD122TD198TD203/TD204TD207TD209TD210TD216TD218TD220TD224TD226TD302TD305TD307TD320TD334/TD335TD337","1-5​"
"​0BFacilities_1_HVAC_NTP_SUT_1/HV1/01","0BFacilities_1_NTP_SUT_1  Project","Project","Fri","6:00pm","10:00pm","4:00","","TD306TD FoyerTD102aTD122TD198TD203/TD204TD207TD209TD210TD216TD218TD220TD224TD226TD302TD305TD307TD320TD334/TD335TD337","1-5​"
"​0BFacilities_1_HVAC_NTP_SUT_1/HV1/02","0BFacilities_1_NTP_SUT_1  Project","Project","Sat","8:00am","10:00pm","14:00","","TD306TD FoyerTD102aTD122TD198TD203/TD204TD207TD209TD210TD216TD218TD220TD224TD226TD302TD305TD307TD320TD334/TD335TD337","1-5​"
"​0BFacilities_1_HVAC_NTP_SUT_1/HV1/02","0BFacilities_1_NTP_SUT_1  Project","Project","Sun","8:00am","10:00pm","14:00","","TD306TD FoyerTD102aTD122TD198TD203/TD204TD207TD209TD210TD216TD218TD220TD224TD226TD302TD305TD307TD320TD334/TD335TD337","1-5​"
"​0RB_141220252257F2BAC","","Booking_Requested","Tue","1:30pm","3:30pm","2:00","","TD226","2-4​"
"​0RB_09122025232444E6C","","Booking_Accepted","Mon","8:30am","1:30pm","5:00","","TD333","4​"
"​0BExams_1_NTP_SUT_1/EX1/26","0BExams_1_NTP_SUT_1  Exam","Exams","Mon","8:00am","10:00pm","14:00","","TD304TC213TD121TD144TD195TD333","5​"
"​0BExams_1_NTP_SUT_1/EX1/26","0BExams_1_NTP_SUT_1  Exam","Exams","Tue","8:00am","10:00pm","14:00","","TD304TC213TD121TD144TD195TD333","5​"
"​0RB_091220252319E81FF","","Booking_Accepted","Tue","8:30am","3:30pm","7:00","","TD334/TD335","5​"
"​0BExams_1_NTP_SUT_1/EX1/26","0BExams_1_NTP_SUT_1  Exam","Exams","Wed","8:00am","10:00pm","14:00","","TD304TC213TD121TD144TD195TD333","5​"
"​0RB_091220252321B91C2","","Booking_Accepted","Wed","8:30am","3:30pm","7:00","","TD334/TD335","5​"
"​0BExams_1_NTP_SUT_1/EX1/26","0BExams_1_NTP_SUT_1  Exam","Exams","Thu","8:00am","10:00pm","14:00","","TD304TC213TD121TD144TD195TD333","5​"
"​0BExams_1_NTP_SUT_1/EX1/26","0BExams_1_NTP_SUT_1  Exam","Exams","Fri","8:00am","10:00pm","14:00","","TD304TC213TD121TD144TD195TD333","5​"
"​0BExams_1_NTP_SUT_1/EX1/26","0BExams_1_NTP_SUT_1  Exam","Exams","Sat","8:00am","10:00pm","14:00","","TD304TC213TD121TD144TD195TD333","5​"
"​0BExams_1_NTP_SUT_1/EX1/26","0BExams_1_NTP_SUT_1  Exam","Exams","Sun","8:00am","10:00pm","14:00","","TD304TC213TD121TD144TD195TD333","5​"
"​0BAdhoc_1_NTP_SUT_1/BK1/11","0BAdhoc_1_NTP_SUT_1  AdHoc","Booking","Tue","8:30am","4:30pm","8:00","","TD307","6​"
"​0RB_1012202504190F0A5","","Booking_Accepted","Tue","1:30pm","4:30pm","3:00","","TD306","7​"
"​NUR30004_1_HS1_HAW_1/CL1/03","NUR30004_1_HS1_HAW_1  Clinical Governance and Quality Care","Classes","Thu","12:30pm","3:30pm","3:00","","TD307","7-9,18‑20​"
"​CHCECE048_1_VE05Z_HAW_1/CL2/01","CHCECE048_1_VE05Z_HAW_1  Plan and implement children's education and care curriculum","Classes","Fri","12:30pm","3:30pm","3:00","","TD334/TD335","7-14,17‑23​"
"​BSBPEF403_1_VE35_HAW_1/CL1/01","BSBPEF403_1_VE35_HAW_1  Lead personal development","Classes","Mon","8:30am","11:30am","3:00","","TD334/TD335","8-12​"
"​BSBPEF403_1_VE35_HAW_1/CL2/01","BSBPEF403_1_VE35_HAW_1  Lead personal development","Classes","Mon","12:30pm","3:30pm","3:00","","TD333","8-12​"
"​BSBSUS511_1_VE35_HAW_2/LA1/01","BSBSUS511_1_VE35_HAW_2  Develop workplace policies and procedures for sustainability","Labs","Tue","8:30am","10:30am","2:00","CHRISTIE MichelleWILKINS Glenn","TD304","8-16,19‑27​"
"​CHCECE030_1_VE35_HAW_1/CL1/01","CHCECE030_1_VE35_HAW_1  Support inclusion and diversity","Classes","Tue","8:30am","11:30am","3:00","","TD302","8-12​"
"​CHCECE032_1_VE04_HAW_1/CL1/02","CHCECE032_1_VE04_HAW_1  Nurture babies and toddlers","Classes","Tue","8:30am","11:30am","3:00","","TD334/TD335","8-14,17‑18,20‑24​"
"​BSBXCM501_1_VE35_HAW_1/LA1/01","BSBXCM501_1_VE35_HAW_1  Lead communication in the workplace","Labs","Tue","10:30am","12:30pm","2:00","CHRISTIE Michelle","TD304","8-16,19‑27​"
"​CHCECE030_1_VE35_HAW_1/CL2/01","CHCECE030_1_VE35_HAW_1  Support inclusion and diversity","Classes","Tue","12:30pm","3:30pm","3:00","","TD307","8-12​"
"​CHCECE032_1_VE04_HAW_1/CL1/01","CHCECE032_1_VE04_HAW_1  Nurture babies and toddlers","Classes","Tue","12:30pm","3:30pm","3:00","","TD302","8-14,17‑18,20‑24​"
"​CHCECE033_1_VE04_HAW_1/CL1/02","CHCECE033_1_VE04_HAW_1  Develop positive and respectful relationships with children","Classes","Tue","12:30pm","3:30pm","3:00","","TD334/TD335","8-14,17‑18,20‑24​"
"​BSBINS509_1_VE37_HAW_1/CL1/01","BSBINS509_1_VE37_HAW_1  Promote literature and reading","Classes","Tue","1:30pm","4:30pm","3:00","","TD305","8-16​"
"​CHCECE036_1_VE04_HAW_1/CL1/02","CHCECE036_1_VE04_HAW_1  Provide experiences to support children's play and learning","Classes","Wed","8:30am","11:30am","3:00","","TD334/TD335","8-14,17‑18,20‑24​"
"​CHCECE034_1_VE01_HAW_1/CL1/02","CHCECE034_1_VE01_HAW_1  Use an approved learning framework to guide practice","Classes","Wed","12:30pm","3:30pm","3:00","","TD305","8-14,17‑18,20‑21​"
"​CHCECE036_1_VE04_HAW_1/CL1/01","CHCECE036_1_VE04_HAW_1  Provide experiences to support children's play and learning","Classes","Wed","12:30pm","3:30pm","3:00","","TD302","8-14,17‑18,20‑24​"
"​CHCECE038_1_VE05Z_HAW_1/CL2/01","CHCECE038_1_VE05Z_HAW_1  Support children's health, safety and wellbeing","Classes","Wed","12:30pm","3:30pm","3:00","","TD307","8-14,17‑19​"
"​BSBPEF502_1_VE35_HAW_1/LA1/01","BSBPEF502_1_VE35_HAW_1  Develop and use emotional intelligence","Labs","Thu","8:30am","11:30am","3:00","CHRISTIE Michelle","TD304","8-16,19‑27​"
"​HLTWHS001_1_VE01_HAW_1/CL1/02","HLTWHS001_1_VE01_HAW_1  Participate in workplace health and safety","Classes","Thu","8:30am","11:30am","3:00","","TD306","8-12​"
"​VU23167_1_VE34_HAW_2/LA1/02","VU23167_1_VE34_HAW_2  Prepare to work within the criminal justice system","Labs","Thu","8:30am","12:30pm","4:00","","TD226","8-16​"
"​CHCPRT001_1_VE07_HAW_1/CL1/01","CHCPRT001_1_VE07_HAW_1  Identify and respond to children and young people at risk","Classes","Thu","9:30am","12:00pm","2:30","","TD302","8-14,17​"
"​CHCECE035_1_VE04_HAW_1/CL1/02","CHCECE035_1_VE04_HAW_1  Support the holistic learning and development of children","Classes","Thu","12:30pm","3:30pm","3:00","","TD306","8-14,17‑18,20‑24​"
"​CHCECE031_1_VE04_HAW_1/CL1/01","CHCECE031_1_VE04_HAW_1  Support children's health, safety and wellbeing","Classes","Fri","8:30am","11:30am","3:00","","TD302","8-14,17‑18,20‑24,31‑33​"
"​CHCECE056_1_VE01_HAW_1/CL1/02","CHCECE056_1_VE01_HAW_1  Work effectively in children's education and care","Classes","Fri","8:30am","11:30am","3:00","","TD334/TD335","8-14,17‑18​"
"​HLTAID012_1_VE34_HAW_1/CL1/01","HLTAID012_1_VE34_HAW_1  Provide First Aid in an education and care setting","Classes","Fri","8:30am","11:30am","3:00","","TD305","8,12​"
"​VU23167_1_VE34_HAW_2/LA1/01","VU23167_1_VE34_HAW_2  Prepare to work within the criminal justice system","Labs","Fri","8:30am","12:30pm","4:00","","TD226","8-13,15‑16​"
"​0RB_121220250328D1206","","Booking_Accepted","Fri","12:30pm","2:30pm","2:00","","TD306","8​"
"​0RB_12122025031627735","","Booking_Accepted","Fri","12:30pm","2:30pm","2:00","","TD304","8​"
"​CHCECE031_1_VE04_HAW_1/CL1/02","CHCECE031_1_VE04_HAW_1  Support children's health, safety and wellbeing","Classes","Fri","12:30pm","3:30pm","3:00","","TD302","8-14,17‑18,20‑24,31‑33​"
"​HLTAID012_1_VE34_HAW_1/CL2/01","HLTAID012_1_VE34_HAW_1  Provide First Aid in an education and care setting","Classes","Fri","12:30pm","3:30pm","3:00","","TD307","8,12​"
"​BSBINS407_1_VE36_HAW_1/CL1/03","BSBINS407_1_VE36_HAW_1  Consolidate and maintain library industry knowledge","Classes","Fri","1:30pm","4:30pm","3:00","","TD305","8,10,12,14,16​"
"​0RB_031220250302FC7FC","","Booking_Accepted","Mon","8:30am","3:30pm","7:00","","TD306EW303TD226SPW112SPW111","9​"
"​0RB_0312202503110AE0E","","Booking_Accepted","Wed","8:30am","3:30pm","7:00","","TD306EW303TD226SPW112SPW111","9​"
"​CHCECE037_1_VE35_HAW_1/CL1/01","CHCECE037_1_VE35_HAW_1  Support children to connect with the natural environment","Classes","Thu","8:30am","11:30am","3:00","","TD305","9-11,13‑14,17‑24​"
"​CHCECE054_1_VE35_HAW_1/CL1/01","CHCECE054_1_VE35_HAW_1  Encourage understanding of Aboriginal and/or Torres Strait Islander peoples' cultures","Classes","Thu","12:30pm","3:30pm","3:00","","TD305","9-11,13‑14,17‑24​"
"​CHCMHS007_1_VE23_HAW_1/CL1/01","CHCMHS007_1_VE23_HAW_1  Work effectively in trauma informed care","Classes","Mon","8:30am","11:30am","3:00","","TD304","10,12-14,16​"
"​CUAWRT414_1_VE02_HAW_1/LA1/01","CUAWRT414_1_VE02_HAW_1  Write narratives","Labs","Mon","8:30am","11:30am","3:00","","TD307","10,12-14,17‑23,25‑27​"
"​HLTWHS001_1_VE11_HAW_1/CL1/01","HLTWHS001_1_VE11_HAW_1  Participate in workplace health and safety","Classes","Mon","8:30am","11:30am","3:00","","TD305","10,13​"
"​HLTWHS001_1_VE22_HAW_2/CL1/01","HLTWHS001_1_VE22_HAW_2  Participate in workplace health and safety","Classes","Mon","8:30am","11:30am","3:00","","TD333","10,12,14​"
"​HLTWHS003_1_VE02_HAW_1/CL1/01","HLTWHS003_1_VE02_HAW_1  Maintain work health and safety","Classes","Mon","8:30am","11:30am","3:00","","TD306","10,13,16​"
"​HLTWHS003_1_VE02_HAW_1/CL1/02","HLTWHS003_1_VE02_HAW_1  Maintain work health and safety","Classes","Mon","8:30am","11:30am","3:00","","TD226","10,13,16​"
"​ICTIOT502_1_VE02_HAW_1/LA1/01","ICTIOT502_1_VE02_HAW_1  Program IoT devices","Labs","Mon","8:30am","11:30am","3:00","EVANS Chelton","TD224","10,12-13,16‑18,20‑23,25‑27​"
"​CUACMP311_1_VE02_HAW_1/LA1/01","CUACMP311_1_VE02_HAW_1  Implement copyright arrangements","Labs","Mon","12:30pm","1:30pm","1:00","","TD307","10,12-14,17‑23,25‑27​"
"​ICTWEB431_1_VE02_HAW_1/LA1/01","ICTWEB431_1_VE02_HAW_1  Create and style simple markup language documents","Labs","Mon","12:30pm","2:30pm","2:00","","TD224","10,12-13,16‑18,20‑23,25‑27​"
"​CHCCSM010_1_VE02_HAW_1/CL2/01","CHCCSM010_1_VE02_HAW_1  Implement case management practice","Classes","Mon","12:30pm","3:30pm","3:00","","TD306","10,12-14,16​"
"​CHCCSM010_1_VE02_HAW_1/CL2/02","CHCCSM010_1_VE02_HAW_1  Implement case management practice","Classes","Mon","12:30pm","3:30pm","3:00","","TD226","10,12-14,16​"
"​CUAIND311_1_VE02_HAW_1/LA1/01","CUAIND311_1_VE02_HAW_1  Work effectively in the creative arts industry","Labs","Mon","1:30pm","3:30pm","2:00","","TD307","10,12-14,17‑23,25‑27​"
"​EDU30068_1_HS1_HAW_1/CL1/02","EDU30068_1_HS1_HAW_1  Teaching Early Reading","Classes","Mon","1:30pm","4:30pm","3:00","","TD305","10-16,21‑22​"
"​ICTWEB513_1_VE02_HAW_1/LA1/01","ICTWEB513_1_VE02_HAW_1  Build dynamic websites","Labs","Mon","2:30pm","4:30pm","2:00","","TD224","10,12-13,16‑18,20‑23,25‑27​"
"​CHCYTH013_1_VE02_HAW_1/CL1/01","CHCYTH013_1_VE02_HAW_1  Engage respectfully with young people","Classes","Tue","8:30am","10:00am","1:30","","TD307","10-14,16​"
"​ICTSAS310_1_VE02_HAW_1/LA1/03","ICTSAS310_1_VE02_HAW_1  Install, configure and secure a small office or home office network","Labs","Tue","8:30am","10:00am","1:30","","TD224","10,12-13,16‑18,20‑23,25‑27​"
"​CHCDEV006_1_VE02_HAW_1/CL1/01","CHCDEV006_1_VE02_HAW_1  Analyse information for service planning and delivery","Classes","Tue","8:30am","11:30am","3:00","","TD306","10-14,16​"
"​CHCDEV006_1_VE02_HAW_1/CL1/02","CHCDEV006_1_VE02_HAW_1  Analyse information for service planning and delivery","Classes","Tue","8:30am","11:30am","3:00","","TD226","10-14,16​"
"​CHCDFV001_1_VE35_HAW_1/CL1/01","CHCDFV001_1_VE35_HAW_1  Recognise and respond appropriately to domestic and family violence","Classes","Tue","8:30am","11:30am","3:00","","TD305","10-14,16​"
"​CHCLEG001_1_VE11_HAW_2/CL1/01","CHCLEG001_1_VE11_HAW_2  Work legally and ethically","Classes","Tue","8:30am","11:30am","3:00","","TD333","10-14,16‑17​"
"​ICTNWK309_1_VE02_HAW_1/LA1/03","ICTNWK309_1_VE02_HAW_1  Configure and administer network operating systems","Labs","Tue","10:00am","11:00am","1:00","","TD224","10,12-13,16‑18,20‑23,25‑27​"
"​CHCYTH014_1_VE02_HAW_1/CL1/01","CHCYTH014_1_VE02_HAW_1  Work effectively with young people in the youth work context","Classes","Tue","10:00am","11:30am","1:30","","TD307","10-14,16​"
"​ICTNWK311_1_VE02_HAW_1/LA1/03","ICTNWK311_1_VE02_HAW_1  Install and test network protocols","Labs","Tue","11:00am","12:00pm","1:00","","TD224","10,12-13,16‑18,20‑23,25‑27​"
"​ICTSAS305_1_VE02_HAW_1/LA1/03","ICTSAS305_1_VE02_HAW_1  Provide ICT advice to clients","Labs","Tue","12:30pm","1:30pm","1:00","","TD224","10,12-13,16‑18,20‑23,25‑27​"
"​CHCDEV005_1_VE02_HAW_1/CL1/01","CHCDEV005_1_VE02_HAW_1  Analyse impacts of sociological factors on people in community work and services","Classes","Tue","12:30pm","3:30pm","3:00","","TD306","10-14,16​"
"​CHCDEV005_1_VE02_HAW_1/CL1/02","CHCDEV005_1_VE02_HAW_1  Analyse impacts of sociological factors on people in community work and services","Classes","Tue","12:30pm","3:30pm","3:00","","TD226","10-14,16​"
"​CHCMHS008_1_VE11_HAW_2/CL1/01","CHCMHS008_1_VE11_HAW_2  Promote and facilitate self advocacy","Classes","Tue","12:30pm","3:30pm","3:00","","TD333","10-14,16​"
"​ICTWEB304_1_VE02_HAW_1/LA1/01","ICTWEB304_1_VE02_HAW_1  Build simple web pages","Labs","Tue","1:30pm","2:30pm","1:00","","TD224","10,12-13,16‑18,20‑23,25‑27​"
"​ICTPRG302_1_VE02_HAW_2/LA1/01","ICTPRG302_1_VE02_HAW_2  Apply introductory programming techniques","Labs","Tue","2:30pm","4:30pm","2:00","","TD224","10,12-13,16‑18,20‑23,25‑27​"
"​SCM30001_1_HS1_HAW_1/CL1/02","SCM30001_1_HS1_HAW_1  Transportation Management","Classes","Tue","3:30pm","5:30pm","2:00","BANDARA Sumangala Dharmapriya","TD306","10-22​"
"​EDU40011_1_HS1_HAW_1/CL1/02","EDU40011_1_HS1_HAW_1  Teaching the Humanities","Classes","Tue","3:30pm","6:30pm","3:00","FORBES-ROLFE Janine","TD304","10-16,21‑22​"
"​CHCMHS011_1_VE11_HAW_1/CL1/01","CHCMHS011_1_VE11_HAW_1  Assess and promote social, emotional and physical wellbeing","Classes","Wed","8:30am","10:00am","1:30","","TD333","10-14,16​"
"​CHCCSM013_1_VE02_HAW_1/CL1/01","CHCCSM013_1_VE02_HAW_1  Facilitate and review case management","Classes","Wed","8:30am","11:30am","3:00","","TD306","10-14,16​"
"​CHCCSM013_1_VE02_HAW_1/CL1/02","CHCCSM013_1_VE02_HAW_1  Facilitate and review case management","Classes","Wed","8:30am","11:30am","3:00","","TD226","10-14,16​"
"​COM00004_1_HB3_HAW_1/CL1/03","COM00004_1_HB3_HAW_1  Academic and Writing Communication","Classes","Wed","8:30am","11:30am","3:00","","TD305","10-21​"
"​CHCMHS005_1_VE11_HAW_1/CL1/01","CHCMHS005_1_VE11_HAW_1  Provide services to people with co-existing mental health and alcohol and other drugs issues","Classes","Wed","10:00am","11:30am","1:30","","TD333","10-14,16​"
"​CHCGRP002_1_VE11_HAW_1/CL1/01","CHCGRP002_1_VE11_HAW_1  Plan and conduct group activities","Classes","Wed","12:30pm","2:00pm","1:30","","TD304","10-14,16​"
"​CHCMHS011_1_VE11_HAW_1/CL2/01","CHCMHS011_1_VE11_HAW_1  Assess and promote social, emotional and physical wellbeing","Classes","Wed","12:30pm","2:00pm","1:30","","TD333","10-14,16​"
"​CHCCSM012_1_VE02_HAW_1/CL1/01","CHCCSM012_1_VE02_HAW_1  Coordinate complex case requirements","Classes","Wed","12:30pm","3:30pm","3:00","","TD306","10-14,16​"
"​CHCCSM012_1_VE02_HAW_1/CL1/02","CHCCSM012_1_VE02_HAW_1  Coordinate complex case requirements","Classes","Wed","12:30pm","3:30pm","3:00","","TD226","10-14,16​"
"​CHCMHS005_1_VE11_HAW_1/CL2/01","CHCMHS005_1_VE11_HAW_1  Provide services to people with co-existing mental health and alcohol and other drugs issues","Classes","Wed","2:00pm","3:30pm","1:30","","TD333","10-14,16​"
"​CHCMHS008_1_VE11_HAW_1/CL1/01","CHCMHS008_1_VE11_HAW_1  Promote and facilitate self advocacy","Classes","Wed","2:00pm","3:30pm","1:30","","TD304","10-14,16​"
"​CHCCSM009_1_VE35_HAW_1/CL1/02","CHCCSM009_1_VE35_HAW_1  Facilitate goal directed planning","Classes","Thu","8:30am","9:30am","1:00","","TD333","10-14,16​"
"​ICTSAD502_1_VE02_HAW_1/LA1/01","ICTSAD502_1_VE02_HAW_1  Model data processes","Labs","Thu","8:30am","9:30am","1:00","EVANS Chelton","TD224","10,12-13,16‑18,20‑23,25‑27​"
"​ICTDBS415_1_VE02_HAW_1/LA1/01","ICTDBS415_1_VE02_HAW_1  Build a database","Labs","Thu","9:30am","10:30am","1:00","","TD224","10,12-13,16‑18,20‑23,25‑27​"
"​CHCCSM016_1_VE35_HAW_1/CL1/01","CHCCSM016_1_VE35_HAW_1  Undertake advanced assessments","Classes","Thu","10:30am","11:30am","1:00","","TD333","10-14,16​"
"​CHCCSM016_1_VE35_HAW_1/CL1/02","CHCCSM016_1_VE35_HAW_1  Undertake advanced assessments","Classes","Thu","10:30am","11:30am","1:00","","TD307","10-14,16​"
"​ICTDBS506_1_VE02_HAW_1/LA1/01","ICTDBS506_1_VE02_HAW_1  Design databases","Labs","Thu","10:30am","12:30pm","2:00","","TD224","10,12-13,16‑18,20‑23,25‑27​"
"​CHCCSM009_1_VE35_HAW_1/CL2/01","CHCCSM009_1_VE35_HAW_1  Facilitate goal directed planning","Classes","Thu","12:30pm","1:30pm","1:00","","TD333","10-14,16​"
"​CHCCSM009_1_VE35_HAW_1/CL2/02","CHCCSM009_1_VE35_HAW_1  Facilitate goal directed planning","Classes","Thu","12:30pm","1:30pm","1:00","","TD307","10-14,16​"
"​CHCDIV002_1_VE11_HAW_4/CL1/01","CHCDIV002_1_VE11_HAW_4  Promote Aboriginal and/or Torres Strait Islander cultural safety","Classes","Thu","12:30pm","3:30pm","3:00","","TD304","10-14,16​"
"​ICTPRG430_1_VE02_HAW_2/LA1/01","ICTPRG430_1_VE02_HAW_2  Apply introductory object-oriented language skills","Labs","Thu","1:30pm","3:30pm","2:00","","TD224","10-14,16‑28​"
"​CHCCSM016_1_VE35_HAW_1/CL2/01","CHCCSM016_1_VE35_HAW_1  Undertake advanced assessments","Classes","Thu","2:30pm","3:30pm","1:00","","TD333","10-14,16​"
"​CHCCSM016_1_VE35_HAW_1/CL2/02","CHCCSM016_1_VE35_HAW_1  Undertake advanced assessments","Classes","Thu","2:30pm","3:30pm","1:00","","TD226","10-14,16​"
"​CHCMHS007_1_VE11_HAW_1/CL2/01","CHCMHS007_1_VE11_HAW_1  Work effectively in trauma informed care","Classes","Thu","3:30pm","5:00pm","1:30","","TD226","10-14,16​"
"​CHCCCS019_1_VE11_HAW_1/CL2/01","CHCCCS019_1_VE11_HAW_1  Recognise and respond to crisis situations","Classes","Thu","5:00pm","6:30pm","1:30","","TD226","10-14,16​"
"​CHCCCS019_1_VE23_HAW_1/CL1/01","CHCCCS019_1_VE23_HAW_1  Recognise and respond to crisis situations","Classes","Fri","8:30am","10:00am","1:30","","TD304","10-13,16​"
"​CHCCCS019_1_VE35_HAW_1/CL1/01","CHCCCS019_1_VE35_HAW_1  Recognise and respond to crisis situations","Classes","Fri","8:30am","11:30am","3:00","","TD307","10-13,16​"
"​CHCCCS019_1_VE35_HAW_1/CL1/02","CHCCCS019_1_VE35_HAW_1  Recognise and respond to crisis situations","Classes","Fri","8:30am","11:30am","3:00","","TD306","10-13,16​"
"​CHCDIV001_1_VE11_HAW_1/CL1/01","CHCDIV001_1_VE11_HAW_1  Work with diverse people","Classes","Fri","8:30am","11:30am","3:00","","TD333","10-13,16​"
"​ICTICT313_1_VE02_HAW_1/LA1/02","ICTICT313_1_VE02_HAW_1  Identify IP, ethics and privacy policies in ICT environments","Labs","Fri","9:00am","9:30am","0:30","","TD224","10,12-13,16‑18,20‑23,25‑27​"
"​CHCDFV001_1_VE23_HAW_2/CL1/01","CHCDFV001_1_VE23_HAW_2  Recognise and respond appropriately to domestic and family violence","Classes","Fri","10:00am","11:30am","1:30","","TD304","10-13,16​"
"​CHCCCS019_1_VE23_HAW_1/CL2/01","CHCCCS019_1_VE23_HAW_1  Recognise and respond to crisis situations","Classes","Fri","12:30pm","2:00pm","1:30","","TD226","10-13,16​"
"​CHCCCS019_1_VE23_HAW_1/CL2/02","CHCCCS019_1_VE23_HAW_1  Recognise and respond to crisis situations","Classes","Fri","12:30pm","2:00pm","1:30","","TD304","10-13,16​"
"​CHCCSL001_1_VE35_HAW_1/CL1/01","CHCCSL001_1_VE35_HAW_1  Establish and confirm the counselling relationship","Classes","Fri","12:30pm","3:30pm","3:00","","TD333","10-13,16​"
"​CHCDIV002_1_VE11_HAW_1/CL1/02","CHCDIV002_1_VE11_HAW_1  Promote Aboriginal and/or Torres Strait Islander cultural safety","Classes","Fri","12:30pm","3:30pm","3:00","","TD306","10-13,16​"
"​CHCDFV001_1_VE23_HAW_2/CL2/01","CHCDFV001_1_VE23_HAW_2  Recognise and respond appropriately to domestic and family violence","Classes","Fri","2:00pm","3:30pm","1:30","","TD226","10-13,16​"
"​CHCDFV001_1_VE23_HAW_2/CL2/02","CHCDFV001_1_VE23_HAW_2  Recognise and respond appropriately to domestic and family violence","Classes","Fri","2:00pm","3:30pm","1:30","","TD304","10-13,16​"
"​CHCEDS046_1_VE07_HAW_1/CL2/01","CHCEDS046_1_VE07_HAW_1  Support student literacy learning","Classes","Tue","12:30pm","3:00pm","2:30","","TD304","11-14,17​"
"​CVE10001_1_SC1_HAW_1/PR1/02","CVE10001_1_SC1_HAW_1  Energy and Motion","Practicals","Tue","3:30pm","5:30pm","2:00","SHUSHTARIAN Saied","TD320","11,13,16-18​"
"​CVE10001_1_SC1_HAW_1/PR1/01","CVE10001_1_SC1_HAW_1  Energy and Motion","Practicals","Wed","8:30am","10:30am","2:00","KURUMTHODATHU SURENDRAN Prince","TD320","11,13,16-18​"
"​CHCCSM010_1_VE02_HAW_1/CL1/01","CHCCSM010_1_VE02_HAW_1  Implement case management practice","Classes","Mon","8:30am","11:30am","3:00","","TD226","12,14​"
"​CHCCSM010_1_VE02_HAW_1/CL1/02","CHCCSM010_1_VE02_HAW_1  Implement case management practice","Classes","Mon","8:30am","11:30am","3:00","","TD306","12,14​"
"​CHCPRT001_1_VE35_HAW_1/CL1/01","CHCPRT001_1_VE35_HAW_1  Identify and respond to children and young people at risk","Classes","Wed","8:30am","11:30am","3:00","","TD304","12-14,17‑24​"
"​CHCECE055_1_VE07_HAW_1/CL1/02","CHCECE055_1_VE07_HAW_1  Meet legal and ethical obligations in children's education and care","Classes","Thu","8:30am","11:30am","3:00","","TD306","13-14,17‑18,20‑24​"
"​CHCCSM001_1_VE06_HAW_1/SM1/03","CHCCSM001_1_VE06_HAW_1  Facilitate goal directed planning","Simulations","Fri","9:30am","10:30am","1:00","","TD305","13​"
"​CHCCSM003_1_VE06_HAW_1/SM1/03","CHCCSM003_1_VE06_HAW_1  Work with carers and/or families in complex situations","Simulations","Fri","12:30pm","1:30pm","1:00","","TD307","13​"
"​0RB_121220250022A11A4","","Booking_Accepted","Fri","12:30pm","2:30pm","2:00","","TD305","13​"
"​CHCCSM008_1_VE06_HAW_1/SM1/03","CHCCSM008_1_VE06_HAW_1  Undertake advanced client assessment","Simulations","Fri","1:30pm","3:30pm","2:00","","TD307","13​"
"​CHCDIV001_1_VE22_HAW_2/SM1/02","CHCDIV001_1_VE22_HAW_2  Work with diverse people","Simulations","Sat","10:00am","1:00pm","3:00","","TD226","13​"
"​CHCDIV002_1_VE22_HAW_2/SM1/02","CHCDIV002_1_VE22_HAW_2  Promote Aboriginal and/or Torres Strait Islander cultural safety","Simulations","Sat","1:00pm","4:00pm","3:00","","TD226","13​"
"​0BClasses_1_MISC_NTP_SUT_1/MI1/93","0BClasses_1_NTP_SUT_1  Classes","Non-registered Classes","Mon","3:30pm","4:30pm","1:00","","TD304TB201TD307","14-19​"
"​0RB_031220250221C94AF","","Booking_Accepted","Tue","11:30am","2:30pm","3:00","","ATC422/ATC423 (C)BA807EN101TD307","14​"
"​ARC20011_1_SC1_HAW_1/PR1/01","ARC20011_1_SC1_HAW_1  Mechanics of Structures","Practicals","Thu","10:30am","12:30pm","2:00","KHODDAM Shahin","TD320","15,18-19​"
"​EDU80050_1_SQ2_HAW_1/WK1/01","EDU80050_1_SQ2_HAW_1  Teacher Professionalism and Ethical Conduct","Workshops","Thu","8:30am","4:30pm","8:00","","TD305","16​"
"​CHCMGT005_1_VE23_HAW_2/SM1/02","CHCMGT005_1_VE23_HAW_2  Facilitate workplace debriefing and support processes","Simulations","Sat","10:00am","1:00pm","3:00","","TD226","16​"
"​CHCPRP003_1_VE23_HAW_2/SM1/02","CHCPRP003_1_VE23_HAW_2  Reflect on and improve own professional practice","Simulations","Sat","1:00pm","4:00pm","3:00","","TD226","16​"
"​CHCCSM010_1_VE02_HAW_1/SM1/02","CHCCSM010_1_VE02_HAW_1  Implement case management practice","Simulations","Mon","8:30am","11:30am","3:00","","TD304","17-18​"
"​CHCCSM012_1_VE02_HAW_1/SM1/02","CHCCSM012_1_VE02_HAW_1  Coordinate complex case requirements","Simulations","Mon","11:30am","1:30pm","2:00","","TD304","17-18​"
"​CHCCSM013_1_VE02_HAW_1/SM1/01","CHCCSM013_1_VE02_HAW_1  Facilitate and review case management","Simulations","Mon","1:30pm","3:30pm","2:00","","TD333","17-18​"
"​CHCDFV001_1_VE35_HAW_1/SM1/02","CHCDFV001_1_VE35_HAW_1  Recognise and respond appropriately to domestic and family violence","Simulations","Tue","8:30am","10:30am","2:00","","TD307","17-18​"
"​CHCDFV001_1_VE35_HAW_1/SM1/03","CHCDFV001_1_VE35_HAW_1  Recognise and respond appropriately to domestic and family violence","Simulations","Tue","8:30am","10:30am","2:00","","TD305","17-18​"
"​CHCLEG003_1_VE11_HAW_2/CL2/01","CHCLEG003_1_VE11_HAW_2  Manage legal and ethical compliance","Classes","Tue","8:30am","12:30pm","4:00","","TD226","17​"
"​CHCYTH016_1_VE02_HAW_1/SM1/03","CHCYTH016_1_VE02_HAW_1  Respond to critical situations","JTA Co-Code","Tue","8:30am","12:30pm","4:00","","TD304","17-18​"
"​CHCYTH016_1_VE13_HAW_1/SM1/03","CHCYTH016_1_VE13_HAW_1  Respond to critical situations","JTA Co-Code","Tue","8:30am","12:30pm","4:00","","TD304","17-18​"
"​CHCYTH016_1_VE13_WAN_1/SM1/03","CHCYTH016_1_VE13_WAN_1  Respond to critical situations","JTA Co-Code","Tue","8:30am","12:30pm","4:00","","TD304","17-18​"
"​CHCMHS013_1_VE35_HAW_1/SM1/01","CHCMHS013_1_VE35_HAW_1  Implement trauma informed care","Simulations","Tue","10:30am","12:30pm","2:00","","TD307","17-18​"
"​CHCMHS013_1_VE35_HAW_1/SM1/02","CHCMHS013_1_VE35_HAW_1  Implement trauma informed care","Simulations","Tue","10:30am","12:30pm","2:00","","TD305","17-18​"
"​CHCMHS013_1_VE35_HAW_1/SM1/03","CHCMHS013_1_VE35_HAW_1  Implement trauma informed care","Simulations","Tue","10:30am","12:30pm","2:00","","TD306","17-18​"
"​CHCLEG001_1_VE11_HAW_2/SM1/01","CHCLEG001_1_VE11_HAW_2  Work legally and ethically","Simulations","Tue","11:30am","3:30pm","4:00","","TD333","17​"
"​CHCCCS019_1_VE35_HAW_1/SM1/01","CHCCCS019_1_VE35_HAW_1  Recognise and respond to crisis situations","Simulations","Tue","12:30pm","2:00pm","1:30","","TD306","17-18​"
"​CHCCCS019_1_VE35_HAW_1/SM1/02","CHCCCS019_1_VE35_HAW_1  Recognise and respond to crisis situations","Simulations","Tue","12:30pm","2:00pm","1:30","","TD226","17-18​"
"​CHCCCS019_1_VE35_HAW_1/SM1/03","CHCCCS019_1_VE35_HAW_1  Recognise and respond to crisis situations","Simulations","Tue","12:30pm","2:00pm","1:30","","TD307","17-18​"
"​CHCCSL001_1_VE35_HAW_1/SM1/01","CHCCSL001_1_VE35_HAW_1  Establish and confirm the counselling relationship","Simulations","Tue","2:00pm","3:30pm","1:30","","TD226","17-18​"
"​CHCCSL001_1_VE35_HAW_1/SM1/02","CHCCSL001_1_VE35_HAW_1  Establish and confirm the counselling relationship","Simulations","Tue","2:00pm","3:30pm","1:30","","TD307","17-18​"
"​CHCCSL001_1_VE35_HAW_1/SM1/03","CHCCSL001_1_VE35_HAW_1  Establish and confirm the counselling relationship","Simulations","Tue","2:00pm","3:30pm","1:30","","TD306","17-18​"
"​CHCYTH013_1_VE02_HAW_1/SM1/03","CHCYTH013_1_VE02_HAW_1  Engage respectfully with young people","JTA Co-Code","Wed","8:30am","12:30pm","4:00","ALI Atif","TD226","17-18​"
"​CHCYTH013_1_VE13_HAW_1/SM1/03","CHCYTH013_1_VE13_HAW_1  Engage respectfully with young people","JTA Co-Code","Wed","8:30am","12:30pm","4:00","ALI Atif","TD226","17-18​"
"​CHCYTH013_1_VE13_WAN_1/SM1/03","CHCYTH013_1_VE13_WAN_1  Engage respectfully with young people","JTA Co-Code","Wed","8:30am","12:30pm","4:00","ALI Atif","TD226","17-18​"
"​0RB_0312202500519A493","","Booking_Accepted","Wed","8:30am","2:30pm","6:00","","TD306BA801AGSE109AGSE107AGSE108","17​"
"​CHCGRP002_1_VE11_HAW_1/SM1/01","CHCGRP002_1_VE11_HAW_1  Plan and conduct group activities","Simulations","Wed","12:30pm","4:30pm","4:00","","TD226","17​"
"​CHCGRP002_1_VE11_HAW_1/SM1/02","CHCGRP002_1_VE11_HAW_1  Plan and conduct group activities","Simulations","Wed","12:30pm","4:30pm","4:00","","TD304","17​"
"​CHCGRP002_1_VE11_HAW_1/SM1/03","CHCGRP002_1_VE11_HAW_1  Plan and conduct group activities","Simulations","Wed","12:30pm","4:30pm","4:00","","TD333","17​"
"​CHCCSM009_1_VE35_HAW_1/SM1/01","CHCCSM009_1_VE35_HAW_1  Facilitate goal directed planning","Simulations","Thu","11:30am","1:30pm","2:00","","TD333","17-18​"
"​CHCCSM009_1_VE35_HAW_1/SM1/02","CHCCSM009_1_VE35_HAW_1  Facilitate goal directed planning","Simulations","Thu","11:30am","1:30pm","2:00","","TD226","17-18​"
"​CHCCSM016_1_VE35_HAW_1/SM1/03","CHCCSM016_1_VE35_HAW_1  Undertake advanced assessments","Simulations","Thu","1:30pm","3:30pm","2:00","","TD333","17-18​"
"​CHCCCS019_1_VE11_HAW_1/SM1/01","CHCCCS019_1_VE11_HAW_1  Recognise and respond to crisis situations","JTA Co-Code","Fri","8:30am","12:30pm","4:00","","TD307","17-18​"
"​CHCCCS019_1_VE11_HAW_1/SM1/02","CHCCCS019_1_VE11_HAW_1  Recognise and respond to crisis situations","JTA Co-Code","Fri","8:30am","12:30pm","4:00","","TD305","17-18​"
"​CHCCCS019_1_VE11_HAW_1/SM1/03","CHCCCS019_1_VE11_HAW_1  Recognise and respond to crisis situations","JTA Co-Code","Fri","8:30am","12:30pm","4:00","","TD306","17-18​"
"​CHCCCS019_1_VE23_HAW_1/SM1/01","CHCCCS019_1_VE23_HAW_1  Recognise and respond to crisis situations","JTA Co-Code","Fri","8:30am","12:30pm","4:00","","TD307","17-18​"
"​CHCCCS019_1_VE23_HAW_1/SM1/02","CHCCCS019_1_VE23_HAW_1  Recognise and respond to crisis situations","JTA Co-Code","Fri","8:30am","12:30pm","4:00","","TD305","17-18​"
"​CHCCCS019_1_VE23_HAW_1/SM1/03","CHCCCS019_1_VE23_HAW_1  Recognise and respond to crisis situations","JTA Co-Code","Fri","8:30am","12:30pm","4:00","","TD306","17-18​"
"​CHCDIV001_1_VE11_HAW_5/SM1/03","CHCDIV001_1_VE11_HAW_5  Work with diverse people","JTA Co-Code","Fri","8:30am","12:30pm","4:00","","TD333","17​"
"​CHCMHS007_1_VE11_HAW_1/SM1/01","CHCMHS007_1_VE11_HAW_1  Work effectively in trauma informed care","JTA Co-Code","Fri","12:30pm","2:30pm","2:00","","TD305","17-18​"
"​CHCMHS007_1_VE11_HAW_1/SM1/02","CHCMHS007_1_VE11_HAW_1  Work effectively in trauma informed care","JTA Co-Code","Fri","12:30pm","2:30pm","2:00","","TD306","17-18​"
"​CHCMHS007_1_VE23_HAW_1/SM1/01","CHCMHS007_1_VE23_HAW_1  Work effectively in trauma informed care","JTA Co-Code","Fri","12:30pm","2:30pm","2:00","","TD305","17-18​"
"​CHCMHS007_1_VE23_HAW_1/SM1/02","CHCMHS007_1_VE23_HAW_1  Work effectively in trauma informed care","JTA Co-Code","Fri","12:30pm","2:30pm","2:00","","TD306","17-18​"
"​CHCLEG001_1_VE11_HAW_3/SM1/02","CHCLEG001_1_VE11_HAW_3  Work legally and ethically","Simulations","Fri","12:30pm","4:30pm","4:00","","TD333","17​"
"​CHCLEG001_1_VE11_HAW_3/SM1/03","CHCLEG001_1_VE11_HAW_3  Work legally and ethically","Simulations","Fri","12:30pm","4:30pm","4:00","","TD226","17​"
"​CHCDFV001_1_VE23_HAW_2/SM1/01","CHCDFV001_1_VE23_HAW_2  Recognise and respond appropriately to domestic and family violence","Simulations","Fri","2:30pm","4:30pm","2:00","","TD305","17-18​"
"​CHCDFV001_1_VE23_HAW_2/SM1/02","CHCDFV001_1_VE23_HAW_2  Recognise and respond appropriately to domestic and family violence","Simulations","Fri","2:30pm","4:30pm","2:00","","TD306","17-18​"
"​CHCMHS005_1_VE11_HAW_1/SM2/01","CHCMHS005_1_VE11_HAW_1  Provide services to people with co-existing mental health and alcohol and other drugs issues","JTA Co-Code","Wed","8:30am","11:30am","3:00","","TD333","18​"
"​CHCMHS005_1_VE11_HAW_1/SM2/03","CHCMHS005_1_VE11_HAW_1  Provide services to people with co-existing mental health and alcohol and other drugs issues","JTA Co-Code","Wed","8:30am","11:30am","3:00","","TD307","18​"
"​CHCMHS005_1_VE11_WAN_1/SM2/01","CHCMHS005_1_VE11_WAN_1  Provide services to people with co-existing mental health and alcohol and other drugs issues","JTA Co-Code","Wed","8:30am","11:30am","3:00","","TD333","18​"
"​CHCMHS005_1_VE11_WAN_1/SM2/03","CHCMHS005_1_VE11_WAN_1  Provide services to people with co-existing mental health and alcohol and other drugs issues","JTA Co-Code","Wed","8:30am","11:30am","3:00","","TD307","18​"
"​CHCMHS011_1_VE11_HAW_1/SM2/01","CHCMHS011_1_VE11_HAW_1  Assess and promote social, emotional and physical wellbeing","JTA Co-Code","Wed","11:30am","2:30pm","3:00","","TD333","18​"
"​CHCMHS011_1_VE11_HAW_1/SM2/02","CHCMHS011_1_VE11_HAW_1  Assess and promote social, emotional and physical wellbeing","JTA Co-Code","Wed","11:30am","2:30pm","3:00","","TD304","18​"
"​CHCMHS011_1_VE11_WAN_1/SM2/01","CHCMHS011_1_VE11_WAN_1  Assess and promote social, emotional and physical wellbeing","JTA Co-Code","Wed","11:30am","2:30pm","3:00","","TD333","18​"
"​CHCMHS011_1_VE11_WAN_1/SM2/02","CHCMHS011_1_VE11_WAN_1  Assess and promote social, emotional and physical wellbeing","JTA Co-Code","Wed","11:30am","2:30pm","3:00","","TD304","18​"
"​CHCMHS008_1_VE11_HAW_2/SM2/01","CHCMHS008_1_VE11_HAW_2  Promote and facilitate self advocacy","JTA Co-Code","Wed","2:30pm","4:30pm","2:00","","TD333","18​"
"​CHCMHS008_1_VE11_HAW_2/SM2/02","CHCMHS008_1_VE11_HAW_2  Promote and facilitate self advocacy","JTA Co-Code","Wed","2:30pm","4:30pm","2:00","","TD226","18​"
"​CHCMHS008_1_VE11_HAW_2/SM2/03","CHCMHS008_1_VE11_HAW_2  Promote and facilitate self advocacy","JTA Co-Code","Wed","2:30pm","4:30pm","2:00","","TD304","18​"
"​CHCMHS008_1_VE11_WAN_1/SM2/01","CHCMHS008_1_VE11_WAN_1  Promote and facilitate self advocacy","JTA Co-Code","Wed","2:30pm","4:30pm","2:00","","TD333","18​"
"​CHCMHS008_1_VE11_WAN_1/SM2/02","CHCMHS008_1_VE11_WAN_1  Promote and facilitate self advocacy","JTA Co-Code","Wed","2:30pm","4:30pm","2:00","","TD226","18​"
"​CHCMHS008_1_VE11_WAN_1/SM2/03","CHCMHS008_1_VE11_WAN_1  Promote and facilitate self advocacy","JTA Co-Code","Wed","2:30pm","4:30pm","2:00","","TD304","18​"
"​CHCDIV001_1_VE11_HAW_1/SM1/03","CHCDIV001_1_VE11_HAW_1  Work with diverse people","JTA Co-Code","Fri","8:30am","12:30pm","4:00","","TD333","18​"
"​CHCDIV001_1_VE11_HAW_2/SM1/01","CHCDIV001_1_VE11_HAW_2  Work with diverse people","JTA Co-Code","Fri","8:30am","12:30pm","4:00","","TD226","18​"
"​CHCDIV001_1_VE11_HAW_2/SM1/02","CHCDIV001_1_VE11_HAW_2  Work with diverse people","JTA Co-Code","Fri","8:30am","12:30pm","4:00","","TD304","18​"
"​CHCDIV001_1_VE11_HAW_3/SM1/01","CHCDIV001_1_VE11_HAW_3  Work with diverse people","JTA Co-Code","Fri","8:30am","12:30pm","4:00","","TD226","18​"
"​CHCDIV001_1_VE11_HAW_3/SM1/02","CHCDIV001_1_VE11_HAW_3  Work with diverse people","JTA Co-Code","Fri","8:30am","12:30pm","4:00","","TD304","18​"
"​CHCDIV001_1_VE11_HAW_4/SM1/01","CHCDIV001_1_VE11_HAW_4  Work with diverse people","JTA Co-Code","Fri","8:30am","12:30pm","4:00","","TD226","18​"
"​CHCDIV001_1_VE11_HAW_4/SM1/02","CHCDIV001_1_VE11_HAW_4  Work with diverse people","JTA Co-Code","Fri","8:30am","12:30pm","4:00","","TD304","18​"
"​CHCDIV001_1_VE11_WAN_1/SM1/01","CHCDIV001_1_VE11_WAN_1  Work with diverse people","JTA Co-Code","Fri","8:30am","12:30pm","4:00","","TD226","18​"
"​CHCDIV001_1_VE11_WAN_1/SM1/02","CHCDIV001_1_VE11_WAN_1  Work with diverse people","JTA Co-Code","Fri","8:30am","12:30pm","4:00","","TD304","18​"
"​CHCDIV001_1_VE11_HAW_2/SM2/01","CHCDIV001_1_VE11_HAW_2  Work with diverse people","JTA Co-Code","Fri","12:30pm","3:30pm","3:00","","TD226","18​"
"​CHCDIV001_1_VE11_HAW_2/SM2/02","CHCDIV001_1_VE11_HAW_2  Work with diverse people","JTA Co-Code","Fri","12:30pm","3:30pm","3:00","","TD304","18​"
"​CHCDIV001_1_VE11_HAW_2/SM2/03","CHCDIV001_1_VE11_HAW_2  Work with diverse people","JTA Co-Code","Fri","12:30pm","3:30pm","3:00","","TD307","18​"
"​CHCDIV001_1_VE11_WAN_1/SM2/01","CHCDIV001_1_VE11_WAN_1  Work with diverse people","JTA Co-Code","Fri","12:30pm","3:30pm","3:00","","TD226","18​"
"​CHCDIV001_1_VE11_WAN_1/SM2/02","CHCDIV001_1_VE11_WAN_1  Work with diverse people","JTA Co-Code","Fri","12:30pm","3:30pm","3:00","","TD304","18​"
"​CHCDIV001_1_VE11_WAN_1/SM2/03","CHCDIV001_1_VE11_WAN_1  Work with diverse people","JTA Co-Code","Fri","12:30pm","3:30pm","3:00","","TD307","18​"
"​CHCCSM017_1_VE13_HAW_1/CL1/01","CHCCSM017_1_VE13_HAW_1  Facilitate and review case management","Classes","Mon","8:30am","11:30am","3:00","","TD306","19-23,25​"
"​CHCGRP002_1_VE37_HAW_2/CL1/01","CHCGRP002_1_VE37_HAW_2  Plan and conduct group activities","Classes","Mon","8:30am","11:30am","3:00","","TD226","19-23,25​"
"​NAT10931003_1_VE37_HAW_1/LA1/01","NAT10931003_1_VE37_HAW_1  Facilitate organic and earned marketing","Labs","Mon","8:30am","11:30am","3:00","NEUMANN Gabriella","TD305","19-27​"
"​CHCPRP001_1_VE37_HAW_1/CL1/01","CHCPRP001_1_VE37_HAW_1  Develop and maintain networks and collaborative partnerships","Classes","Mon","12:30pm","3:30pm","3:00","","TD333","19-23,25​"
"​CHCMHS011_1_VE37_HAW_1/CL1/01","CHCMHS011_1_VE37_HAW_1  Assess and promote social, emotional and physical wellbeing","Classes","Tue","8:30am","10:00am","1:30","","TD306","19-24​"
"​CHCCDE027_1_VE37_HAW_1/CL1/02","CHCCDE027_1_VE37_HAW_1  Implement community development strategies","Classes","Tue","8:30am","11:30am","3:00","","TD305","19-25​"
"​CHCDFV001_1_VE37_HAW_1/CL1/01","CHCDFV001_1_VE37_HAW_1  Recognise and respond appropriately to domestic and family violence","Classes","Tue","8:30am","11:30am","3:00","","TD307","19-25​"
"​CHCDFV001_1_VE37_HAW_2/CL1/01","CHCDFV001_1_VE37_HAW_2  Recognise and respond appropriately to domestic and family violence","Classes","Tue","8:30am","11:30am","3:00","","TD226","19-25​"
"​CHCGRP002_1_VE37_HAW_3/CL1/01","CHCGRP002_1_VE37_HAW_3  Plan and conduct group activities","Classes","Tue","8:30am","11:30am","3:00","","TD333","19-26​"
"​CHCMHS005_1_VE37_HAW_1/CL1/01","CHCMHS005_1_VE37_HAW_1  Provide services to people with co-existing mental health and alcohol and other drugs issues","Classes","Tue","10:00am","11:30am","1:30","","TD306","19-24​"
"​CHCMHS011_1_VE37_HAW_1/CL2/01","CHCMHS011_1_VE37_HAW_1  Assess and promote social, emotional and physical wellbeing","Classes","Tue","12:30pm","2:00pm","1:30","","TD307","19-24​"
"​CHCCCS007_1_VE37_HAW_1/CL1/02","CHCCCS007_1_VE37_HAW_1  Develop and implement service programs","Classes","Tue","12:30pm","3:30pm","3:00","","TD304","19-25​"
"​CHCCSM017_1_VE13_HAW_2/CL1/01","CHCCSM017_1_VE13_HAW_2  Facilitate and review case management","Classes","Tue","12:30pm","3:30pm","3:00","","TD306","19-25​"
"​CHCMHS007_1_VE37_HAW_1/CL1/01","CHCMHS007_1_VE37_HAW_1  Work effectively in trauma informed care","Classes","Tue","12:30pm","3:30pm","3:00","","TD226","19-25​"
"​CHCMHS005_1_VE37_HAW_1/CL2/01","CHCMHS005_1_VE37_HAW_1  Provide services to people with co-existing mental health and alcohol and other drugs issues","Classes","Tue","2:00pm","3:30pm","1:30","","TD307","19-24​"
"​CHCCCS019_1_VE37_HAW_1/CL1/01","CHCCCS019_1_VE37_HAW_1  Recognise and respond to crisis situations","Classes","Wed","9:30am","10:30am","1:00","","TD333","19-25​"
"​CHCDFV001_1_VE37_HAW_3/CL1/01","CHCDFV001_1_VE37_HAW_3  Recognise and respond appropriately to domestic and family violence","Classes","Wed","10:30am","11:30am","1:00","","TD333","19-25​"
"​CHCMHS007_1_VE37_HAW_3/CL2/01","CHCMHS007_1_VE37_HAW_3  Work effectively in trauma informed care","Classes","Wed","12:30pm","1:30pm","1:00","","TD304","19-25​"
"​CHCCCS019_1_VE37_HAW_1/CL2/01","CHCCCS019_1_VE37_HAW_1  Recognise and respond to crisis situations","Classes","Wed","1:30pm","2:30pm","1:00","","TD304","19-25​"
"​CHCDFV001_1_VE37_HAW_3/CL2/01","CHCDFV001_1_VE37_HAW_3  Recognise and respond appropriately to domestic and family violence","Classes","Wed","2:30pm","3:30pm","1:00","","TD333","19-25​"
"​VU23170_1_VE37_HAW_1/LA1/01","VU23170_1_VE37_HAW_1  Apply criminal law within justice environments","Labs","Thu","8:30am","12:30pm","4:00","","TD226","19-27​"
"​VU23174_1_VE37_HAW_1/CL1/01","VU23174_1_VE37_HAW_1  Apply self-management and workplace health and safety (WHS) strategies in the justice environment","Classes","Thu","8:30am","12:30pm","4:00","","TD333","19-27​"
"​VU23174_1_VE37_HAW_1/CL1/02","VU23174_1_VE37_HAW_1  Apply self-management and workplace health and safety (WHS) strategies in the justice environment","Classes","Thu","8:30am","12:30pm","4:00","","TD307","19-27​"
"​CHCPWK001_1_VE15_HAW_1/CL1/01","CHCPWK001_1_VE15_HAW_1  Apply peer work practices in the mental health sector","Classes","Thu","11:30am","1:00pm","1:30","","TD304","19-24​"
"​CHCMHS002_1_VE15_HAW_1/CL2/01","CHCMHS002_1_VE15_HAW_1  Establish self-directed recovery relationships","Classes","Thu","12:30pm","1:30pm","1:00","","TD333","19-25​"
"​CHCPWK003_1_VE15_HAW_1/CL1/01","CHCPWK003_1_VE15_HAW_1  Apply lived experience in mental health peer work","Classes","Thu","1:00pm","2:30pm","1:30","","TD226","19-24​"
"​CHCMHS003_1_VE15_HAW_1/CL2/01","CHCMHS003_1_VE15_HAW_1  Provide recovery oriented mental health services","Classes","Thu","1:30pm","2:30pm","1:00","","TD333","19-25​"
"​CHCMHS004_1_VE15_HAW_1/CL2/01","CHCMHS004_1_VE15_HAW_1  Work collaboratively with the care network and other services","Classes","Thu","2:30pm","3:30pm","1:00","","TD333","19-25​"
"​CHCPWK001_1_VE15_HAW_1/CL2/01","CHCPWK001_1_VE15_HAW_1  Apply peer work practices in the mental health sector","Classes","Thu","3:30pm","5:00pm","1:30","","TD333","19-24​"
"​CHCPWK003_1_VE15_HAW_1/CL2/01","CHCPWK003_1_VE15_HAW_1  Apply lived experience in mental health peer work","Classes","Thu","5:00pm","6:30pm","1:30","","TD333","19-24​"
"​CHCMHS002_1_VE15_HAW_2/CL1/01","CHCMHS002_1_VE15_HAW_2  Establish self-directed recovery relationships","Classes","Fri","8:30am","9:30am","1:00","","TD304","19-24​"
"​CHCMGT005_1_VE37_HAW_1/CL1/01","CHCMGT005_1_VE37_HAW_1  Facilitate workplace debriefing and support processes","Classes","Fri","8:30am","11:30am","3:00","","TD226","19-25​"
"​CHCMGT005_1_VE37_HAW_1/CL1/02","CHCMGT005_1_VE37_HAW_1  Facilitate workplace debriefing and support processes","Classes","Fri","8:30am","11:30am","3:00","","TD333","19-25​"
"​CHCMHS008_1_VE37_HAW_1/CL1/01","CHCMHS008_1_VE37_HAW_1  Promote and facilitate self advocacy","Classes","Fri","8:30am","11:30am","3:00","","TD307","19-24​"
"​CHCMHS003_1_VE15_HAW_2/CL1/01","CHCMHS003_1_VE15_HAW_2  Provide recovery oriented mental health services","Classes","Fri","9:30am","10:30am","1:00","","TD304","19-24​"
"​CHCMHS004_1_VE15_HAW_2/CL1/02","CHCMHS004_1_VE15_HAW_2  Work collaboratively with the care network and other services","Classes","Fri","10:30am","11:30am","1:00","","TD304","19-24​"
"​CHCPRP003_1_VE37_HAW_1/CL1/02","CHCPRP003_1_VE37_HAW_1  Reflect on and improve own professional practice","Classes","Fri","12:30pm","3:30pm","3:00","","TD304","19-25​"
"​CHCDIV001_1_VE25_HAW_2/CL1/01","CHCDIV001_1_VE25_HAW_2  Work with diverse people","Classes","Wed","12:30pm","3:30pm","3:00","","TD226","20-24​"
"​CUADES601_1_VE37_HAW_1/LA1/01","CUADES601_1_VE37_HAW_1  Design innovative products","Labs","Fri","12:30pm","4:30pm","4:00","","TD224","20-23,25‑27​"
"​CHCECE048_1_VE18_HAW_1/CL2/01","CHCECE048_1_VE18_HAW_1  Plan and implement children's education and care curriculum","Classes","Mon","12:30pm","3:30pm","3:00","","TD334/TD335","21-22​"
"​0RB_091220250733E6628","","Booking_Accepted","Fri","9:30am","2:30pm","5:00","","TD305","21​"
"​0RB_091220250734683A7","","Booking_Accepted","Fri","9:30am","2:30pm","5:00","","TD306","21​"
"​CHCECE036_1_VE04_HAW_1/CL2/01","CHCECE036_1_VE04_HAW_1  Provide experiences to support children's play and learning","Classes","Wed","8:30am","11:30am","3:00","","TD302","22-24​"
"​CHCECE036_1_VE04_HAW_1/CL2/02","CHCECE036_1_VE04_HAW_1  Provide experiences to support children's play and learning","Classes","Wed","12:30pm","3:30pm","3:00","","TD334/TD335","22-24​"
"​0RB_031220250113E5F33","","Booking_Accepted","Wed","11:30am","3:30pm","4:00","","TD306SPW112AMDC507/AMDC508/AMDC509","24​"
"​0RB_021220252350CF826","","Booking_Accepted","Fri","8:30am","3:30pm","7:00","","ATC524TD306ATC326ATC624","24​"
"​CHCDFV009_1_VE37_HAW_1/SM1/01","CHCDFV009_1_VE37_HAW_1  Establish change promoting relationship with users of domestic and family violence","Simulations","Fri","11:30am","1:30pm","2:00","","TD226","24​"
"​CHCFAM002_1_VE37_HAW_1/SM1/01","CHCFAM002_1_VE37_HAW_1  Work with a child-focused approach","Simulations","Fri","1:30pm","3:00pm","1:30","","TD226","24​"
"​0RB_141220252306CA81A","","Booking_Requested","Wed","8:30am","4:30pm","8:00","","TD305","25​"
"​MDA10009_1_SC2_HAW_1/TU2/02","MDA10009_1_SC2_HAW_1  Introduction to Media Studies","Tutorials","Tue","2:30pm","4:30pm","2:00","","TD306","26-31,33‑38​"
"​CHE10008_1_SC2_HAW_1/CL1/01","CHE10008_1_SC2_HAW_1  Chemistry 2","Classes","Wed","10:30am","12:30pm","2:00","RYAN Anneke","TD307","26-31,33‑38​"
"​CHCDIV002_1_VE14_HAW_1/SM1/01","CHCDIV002_1_VE14_HAW_1  Promote Aboriginal and/or Torres Strait Islander cultural safety","Simulations","Wed","12:30pm","3:30pm","3:00","","TD306","26​"
"​0RB_0212202523569F3A7","","Booking_Accepted","Thu","8:30am","4:30pm","8:00","","TD306EW301EW302EW303SPW112SPW111","26​"
"​CHCPWK001_1_VE15_HAW_1/SM1/03","CHCPWK001_1_VE15_HAW_1  Apply peer work practices in the mental health sector","Simulations","Thu","11:30am","1:30pm","2:00","","TD304","26-27​"
"​CHCDIV002_1_VE14_HAW_1/SM2/01","CHCDIV002_1_VE14_HAW_1  Promote Aboriginal and/or Torres Strait Islander cultural safety","Simulations","Thu","12:30pm","3:30pm","3:00","","TD333","26​"
"​CHCDIV002_1_VE14_HAW_1/SM2/02","CHCDIV002_1_VE14_HAW_1  Promote Aboriginal and/or Torres Strait Islander cultural safety","Simulations","Thu","12:30pm","3:30pm","3:00","","TD226","26​"
"​HEA10002_1_SC2_HAW_1/TU1/03","HEA10002_1_SC2_HAW_1  Health Science 1","Tutorials","Thu","2:30pm","4:30pm","2:00","JAMES Lauren","TD307","26-31,33‑38​"
"​CHCMHS005_1_VE15_HAW_1/CL4/01","CHCMHS005_1_VE15_HAW_1  Provide services to people with co-existing mental health and alcohol and other drugs issues","Classes","Thu","2:00pm","3:30pm","1:30","","TD333","27​"
"​CHCMHS005_1_VE15_HAW_1/SM1/01","CHCMHS005_1_VE15_HAW_1  Provide services to people with co-existing mental health and alcohol and other drugs issues","Simulations","Mon","12:30pm","3:30pm","3:00","","TD306","28​"
"​ELC10009_2_SC2_HAW_1/PR1/01","ELC10009_2_SC2_HAW_1  Electronics and Electromagnetism","Practicals","Wed","10:30am","12:30pm","2:00","SHUSHTARIAN Saied","TD320","28-31,33‑34​"
"​EDU60055_1_HSB3_HAW_1/CL1/01","EDU60055_1_HSB3_HAW_1  Professionalism with Family, Community and Industry","Classes","Wed","10:30am","2:30pm","4:00","ELLIS Tamara","TD306","28-33​"
"​EDU60055_1_HSB3_HAW_1/CL1/03","EDU60055_1_HSB3_HAW_1  Professionalism with Family, Community and Industry","Classes","Wed","2:30pm","6:30pm","4:00","ELLIS Tamara","TD306","28-33​"
"​CVE10001_1_SC2_HAW_1/PR1/01","CVE10001_1_SC2_HAW_1  Energy and Motion","JTA Co-Code","Thu","10:30am","12:30pm","2:00","KURUMTHODATHU SURENDRAN Prince","TC223TD320","28,30,33-35​"
"​PHY10009_1_SC2_HAW_1/PR1/01","PHY10009_1_SC2_HAW_1  Introduction to Physics","JTA Co-Code","Thu","10:30am","12:30pm","2:00","KURUMTHODATHU SURENDRAN Prince","TC223TD320","28,30,33-35​"
"​CHCECE045_1_VE03_HAW_1/CL1/01","CHCECE045_1_VE03_HAW_1  Foster positive and respectful interactions and behaviour in children","Classes","Mon","12:30pm","2:00pm","1:30","","TD226","30-33,35‑38,41‑43​"
"​CHCECE046_1_VE03_HAW_1/CL1/01","CHCECE046_1_VE03_HAW_1  Implement strategies for the inclusion of all children","Classes","Mon","2:00pm","3:30pm","1:30","","TD226","30-33,35‑38,41‑43​"
"​CHCECE041_1_VE03_HAW_1/CL1/01","CHCECE041_1_VE03_HAW_1  Maintain a safe and healthy environment for children","Classes","Tue","8:30am","11:30am","3:00","","TD334/TD335","30-33,35‑38​"
"​CHCECE043_1_VE03_HAW_1/CL1/01","CHCECE043_1_VE03_HAW_1  Nurture creativity in children","Classes","Tue","12:30pm","3:30pm","3:00","","TD334/TD335","30-33,35‑38,41‑42​"
"​NUR10009_3_HS2_HAW_1/CL1/01","NUR10009_3_HS2_HAW_1  Physiology in Health Sciences","Classes","Thu","12:30pm","2:30pm","2:00","","TD307","30-35,41‑44​"
"​CHCCCS019_1_VE26_HAW_1/SM1/02","CHCCCS019_1_VE26_HAW_1  Recognise and respond to crisis situations","Simulations","Sat","10:00am","11:30am","1:30","","TD226","30​"
"​CHCCCS019_1_VE26_HAW_1/SM1/03","CHCCCS019_1_VE26_HAW_1  Recognise and respond to crisis situations","Simulations","Sat","10:00am","11:30am","1:30","","TD304","30​"
"​CHCDFV001_1_VE26_HAW_2/SM1/02","CHCDFV001_1_VE26_HAW_2  Recognise and respond appropriately to domestic and family violence","Simulations","Sat","11:30am","1:00pm","1:30","","TD226","30​"
"​CHCDFV001_1_VE26_HAW_2/SM1/03","CHCDFV001_1_VE26_HAW_2  Recognise and respond appropriately to domestic and family violence","Simulations","Sat","11:30am","1:00pm","1:30","","TD304","30​"
"​CHCMHS013_1_VE26_HAW_1/SM1/02","CHCMHS013_1_VE26_HAW_1  Implement trauma informed care","Simulations","Sat","1:00pm","2:30pm","1:30","","TD226","30​"
"​CHCMHS013_1_VE26_HAW_1/SM1/03","CHCMHS013_1_VE26_HAW_1  Implement trauma informed care","Simulations","Sat","1:00pm","2:30pm","1:30","","TD304","30​"
"​CHCCSL001_1_VE26_HAW_1/SM1/02","CHCCSL001_1_VE26_HAW_1  Establish and confirm the counselling relationship","Simulations","Sat","2:30pm","4:00pm","1:30","","TD226","30​"
"​CHCCSL001_1_VE26_HAW_1/SM1/03","CHCCSL001_1_VE26_HAW_1  Establish and confirm the counselling relationship","Simulations","Sat","2:30pm","4:00pm","1:30","","TD304","30​"
"​BSBMKG541_1_VE03_HAW_1/LA1/01","BSBMKG541_1_VE03_HAW_1  Identify and evaluate marketing opportunities","Labs","Mon","8:30am","11:30am","3:00","NEUMANN Gabriella","TD304","31-39,41‑49​"
"​CHCECE033_1_VE05_HAW_1/CL1/01","CHCECE033_1_VE05_HAW_1  Develop positive and respectful relationships with children","Classes","Mon","8:30am","11:30am","3:00","","TD302","31-38,41,43‑47​"
"​ICTWEB521_1_VE03_HAW_1/LA1/01","ICTWEB521_1_VE03_HAW_1  Customise complex ICT content management systems","Labs","Mon","8:30am","11:30am","3:00","EVANS Chelton","TD224","31-38,41‑44,46‑50​"
"​NAT10931001_1_VE38_HAW_1/LA1/01","NAT10931001_1_VE38_HAW_1  Conduct omnichannel marketing","Labs","Mon","8:30am","11:30am","3:00","","TD307","31-39​"
"​CHCDIV002_1_VE17_HAW_1/CL1/02","CHCDIV002_1_VE17_HAW_1  Promote Aboriginal and/or Torres Strait Islander cultural safety","Classes","Mon","9:30am","12:00pm","2:30","","TD333","31-38​"
"​CHCEDS046_1_VE17_HAW_1/CL1/01","CHCEDS046_1_VE17_HAW_1  Support student literacy learning","Classes","Mon","9:30am","12:00pm","2:30","","TD226","31-37​"
"​NAT10931004_1_VE38_HAW_1/LA1/01","NAT10931004_1_VE38_HAW_1  Apply marketing automation","Labs","Mon","11:30am","2:30pm","3:00","NEUMANN Gabriella","TD306","31-39​"
"​ICTWEB517_1_VE03_HAW_1/LA1/01","ICTWEB517_1_VE03_HAW_1  Create web-based programs","Labs","Mon","12:30pm","2:30pm","2:00","EVANS Chelton","TD224","31-38,41‑44,46‑50​"
"​CHCEDS046_1_VE17_HAW_1/CL1/02","CHCEDS046_1_VE17_HAW_1  Support student literacy learning","Classes","Mon","12:30pm","3:00pm","2:30","","TD307","31-37​"
"​CHCECE032_1_VE05_HAW_1/CL1/01","CHCECE032_1_VE05_HAW_1  Nurture babies and toddlers","Classes","Mon","12:30pm","3:30pm","3:00","","TD302","31-38,41,43‑47​"
"​ICTPRG549_1_VE03_HAW_1/LA1/01","ICTPRG549_1_VE03_HAW_1  Apply intermediate object-oriented language skills","Labs","Mon","2:30pm","4:30pm","2:00","EVANS Chelton","TD224","31-38,41‑44,46‑50​"
"​BSBPMG430_1_VE03_HAW_2/LA1/02","BSBPMG430_1_VE03_HAW_2  Undertake project work","Labs","Tue","8:30am","11:30am","3:00","WILKINS Glenn","TD305","31-39,41‑44,46‑49​"
"​CHCECE030_1_VE18_HAW_1/CL1/02","CHCECE030_1_VE18_HAW_1  Support inclusion and diversity","Classes","Tue","8:30am","11:30am","3:00","","TD307","31-33,38,41​"
"​CHCECE034_1_VE18_HAW_1/CL1/01","CHCECE034_1_VE18_HAW_1  Use an approved learning framework to guide practice","Classes","Tue","8:30am","11:30am","3:00","","TD302","31-38,41,43‑44​"
"​CHCDIV001_1_VE17_HAW_1/CL1/01","CHCDIV001_1_VE17_HAW_1  Work with diverse people","Classes","Tue","12:30pm","3:00pm","2:30","","TD305","31-35​"
"​CHCECE030_1_VE18_HAW_1/CL2/01","CHCECE030_1_VE18_HAW_1  Support inclusion and diversity","Classes","Tue","12:30pm","3:30pm","3:00","","TD226","31-33,38,41​"
"​CHCECE030_1_VE18_HAW_1/CL2/02","CHCECE030_1_VE18_HAW_1  Support inclusion and diversity","Classes","Tue","12:30pm","3:30pm","3:00","","TD304","31-33,38,41​"
"​CHCECE036_1_VE05_HAW_1/CL1/01","CHCECE036_1_VE05_HAW_1  Provide experiences to support children's play and learning","Classes","Tue","12:30pm","3:30pm","3:00","","TD302","31-38,41,43‑47​"
"​BSBPEF403_1_VE18_HAW_1/CL1/02","BSBPEF403_1_VE18_HAW_1  Lead personal development","Classes","Wed","8:30am","11:30am","3:00","","TD333","31-33,38,41​"
"​CHCECE035_1_VE05_HAW_1/CL1/01","CHCECE035_1_VE05_HAW_1  Support the holistic learning and development of children","Classes","Wed","8:30am","11:30am","3:00","","TD302","31-38,41,43‑47​"
"​ICTPMG505_1_VE03_HAW_1/CL1/01","ICTPMG505_1_VE03_HAW_1  Manage ICT projects","Classes","Wed","8:30am","11:30am","3:00","","TD224","31-38,41‑44,46‑50​"
"​BSBPEF403_1_VE18_HAW_1/CL2/02","BSBPEF403_1_VE18_HAW_1  Lead personal development","Classes","Wed","12:30pm","3:30pm","3:00","","TD333","31-33,38,41​"
"​HLTWHS001_1_VE18_HAW_1/CL1/01","HLTWHS001_1_VE18_HAW_1  Participate in workplace health and safety","Classes","Wed","12:30pm","3:30pm","3:00","","TD302","31-35​"
"​ARC20011_1_SC2_HAW_1/PR1/02","ARC20011_1_SC2_HAW_1  Mechanics of Structures","Practicals","Thu","8:30am","10:30am","2:00","KHODDAM Shahin","TD320","31,35-36​"
"​ICTDBS507_1_VE03_HAW_1/LA1/01","ICTDBS507_1_VE03_HAW_1  Integrate databases with websites","Labs","Thu","8:30am","10:30am","2:00","","TD224","31-38,41‑44,46‑50​"
"​CHCECE031_1_VE05_HAW_1/CL1/01","CHCECE031_1_VE05_HAW_1  Support children's health, safety and wellbeing","Classes","Thu","8:30am","11:30am","3:00","","TD302","31-38,41,43‑47​"
"​CHCECE054_1_VE18_HAW_1/CL1/02","CHCECE054_1_VE18_HAW_1  Encourage understanding of Aboriginal and/or Torres Strait Islander peoples' cultures","Classes","Thu","8:30am","11:30am","3:00","","TD226","31-33,38,42‑48​"
"​VU23175_1_VE38_HAW_1/CL1/01","VU23175_1_VE38_HAW_1  Support cultural safety for First Nations people within a justice environment","Classes","Thu","8:30am","12:30pm","4:00","","TD304","31-39​"
"​CHCEDS047_1_VE05_HAW_1/CL1/01","CHCEDS047_1_VE05_HAW_1  Assist in facilitation of student learning","Classes","Thu","9:30am","12:00pm","2:30","","TD305","31-35,37‑38​"
"​ICTWEB451_1_VE03_HAW_1/LA1/01","ICTWEB451_1_VE03_HAW_1  Apply structured query language in relational databases","Labs","Thu","10:30am","12:30pm","2:00","","TD224","31-38,41‑44,46‑50​"
"​VU23211_1_VE18_HAW_1/CL1/02","VU23211_1_VE18_HAW_1  Investigate contemporary issues in teaching","Classes","Thu","12:30pm","3:00pm","2:30","","TD304","31-38,41‑42​"
"​CHCECE037_1_VE18_HAW_1/CL1/02","CHCECE037_1_VE18_HAW_1  Support children to connect with the natural environment","Classes","Thu","12:30pm","3:30pm","3:00","","TD226","31-33,38,42‑48​"
"​CHCECE056_1_VE18_HAW_1/CL1/01","CHCECE056_1_VE18_HAW_1  Work effectively in children's education and care","Classes","Thu","12:30pm","3:30pm","3:00","","TD302","31-38,41​"
"​ICTICT529_1_VE03_HAW_1/LA1/01","ICTICT529_1_VE03_HAW_1  Organise and lead agile projects","Labs","Thu","1:30pm","3:30pm","2:00","","TD224","31-38,41‑44,46‑50​"
"​ARC20011_1_SC2_HAW_1/PR1/01","ARC20011_1_SC2_HAW_1  Mechanics of Structures","Practicals","Thu","2:30pm","4:30pm","2:00","KHODDAM Shahin","TD320","31,35-36​"
"​VU23172_1_VE38_HAW_2/CL1/01","VU23172_1_VE38_HAW_2  Support cultural diversity in justice environments","Classes","Fri","8:30am","12:30pm","4:00","","TD305","31-38​"
"​VU22074_1_VE18_HAW_1/CL1/02","VU22074_1_VE18_HAW_1  Use a range of techniques to solve mathematical problems","Classes","Fri","9:30am","12:00pm","2:30","","TD334/TD335","31-38,41‑48​"
"​CHCDIV001_1_VE18_HAW_1/CL1/01","CHCDIV001_1_VE18_HAW_1  Work with diverse people","Classes","Fri","12:30pm","3:00pm","2:30","","TD334/TD335","31-35​"
"​CHCEDS036_1_VE18_HAW_1/CL2/01","CHCEDS036_1_VE18_HAW_1  Support the development of literacy and oral language skills","Classes","Fri","12:30pm","3:00pm","2:30","","TD304","31-33​"
"​VU22074_1_VE18_HAW_1/CL1/03","VU22074_1_VE18_HAW_1  Use a range of techniques to solve mathematical problems","Classes","Fri","12:30pm","3:00pm","2:30","","TD305","31-38,41‑48​"
"​BSBINS407_1_VE36_HAW_1/CL3/03","BSBINS407_1_VE36_HAW_1  Consolidate and maintain library industry knowledge","Classes","Fri","12:30pm","3:30pm","3:00","","TD307","31,33,35,37,39​"
"​CHCECE048_1_VE18_HAW_1/CL1/01","CHCECE048_1_VE18_HAW_1  Plan and implement children's education and care curriculum","Classes","Mon","8:30am","11:30am","3:00","","TD334/TD335","32-38,41‑47​"
"​CHCLEG003_1_VE38_HAW_1/CL1/01","CHCLEG003_1_VE38_HAW_1  Manage legal and ethical compliance","Classes","Mon","8:30am","11:30am","3:00","","TD306","32-37​"
"​PWR10002_1_HS2_HAW_1/WK1/02","PWR10002_1_HS2_HAW_1  Editing for Writers","Workshops","Mon","11:30am","2:30pm","3:00","APTHORPE Amanda","TD305","32-37,39‑44​"
"​BSBPEF502_1_VE03_HAW_1/LA1/01","BSBPEF502_1_VE03_HAW_1  Develop and use emotional intelligence","Labs","Mon","12:30pm","3:30pm","3:00","CHRISTIE Michelle","TD304","32-51​"
"​CHCCOM002_1_VE38_HAW_2/CL1/01","CHCCOM002_1_VE38_HAW_2  Use communication to build relationships","Classes","Mon","12:30pm","3:30pm","3:00","","TD334/TD335","32-36​"
"​CHCCSM013_1_VE03_HAW_2/CL2/01","CHCCSM013_1_VE03_HAW_2  Facilitate and review case management","Classes","Mon","12:30pm","3:30pm","3:00","","TD333","32-37​"
"​FTV30013_2_HS2_HAW_1/WK1/04","FTV30013_2_HS2_HAW_1  Major Project: Directing and Collaborative Screen Development","Streamed","Mon","2:30pm","5:30pm","3:00","GIARRUSSO Vincent","TD306","32-35​"
"​ICTPRG434_1_VE03_HAW_1/LA1/01","ICTPRG434_1_VE03_HAW_1  Automate processes","Labs","Tue","8:30am","10:00am","1:30","","TD224","32-40,42‑44,46‑49​"
"​HLTWHS003_1_VE03_HAW_1/CL1/01","HLTWHS003_1_VE03_HAW_1  Maintain work health and safety","Classes","Tue","8:30am","11:30am","3:00","","TD333","32,34,37​"
"​HLTWHS003_1_VE03_HAW_1/CL1/02","HLTWHS003_1_VE03_HAW_1  Maintain work health and safety","Classes","Tue","8:30am","11:30am","3:00","","TD226","32,34,37​"
"​CHCYTH014_1_VE03_HAW_1/CL1/01","CHCYTH014_1_VE03_HAW_1  Work effectively with young people in the youth work context","Classes","Tue","9:30am","10:30am","1:00","","TD306","32-37​"
"​ICTPRG435_1_VE03_HAW_1/LA1/01","ICTPRG435_1_VE03_HAW_1  Write scripts for software applications","Labs","Tue","10:00am","11:30am","1:30","","TD224","32-40,42‑44,46‑49​"
"​CHCYTH015_1_VE03_HAW_1/CL1/01","CHCYTH015_1_VE03_HAW_1  Support young people to create opportunities in their lives","Classes","Tue","10:30am","11:30am","1:00","","TD306","32-37​"
"​CHCMHS007_1_VE38_HAW_1/CL2/01","CHCMHS007_1_VE38_HAW_1  Work effectively in trauma informed care","Classes","Tue","12:30pm","1:30pm","1:00","","TD307","32-37​"
"​BUS10014_2_HS2_HAW_1/CL1/02","BUS10014_2_HS2_HAW_1  Business for Sustainability, Social Change and Impact","Classes","Tue","12:30pm","2:30pm","2:00","","TD306","32-37,39‑44​"
"​ICTNWK422_1_VE03_HAW_1/LA1/01","ICTNWK422_1_VE03_HAW_1  Install and manage servers","Labs","Tue","12:30pm","2:30pm","2:00","","TD224","32-40,42‑44,46‑49​"
"​CHCCSM010_1_VE03_HAW_1/CL2/02","CHCCSM010_1_VE03_HAW_1  Implement case management practice","Classes","Tue","12:30pm","3:30pm","3:00","","TD333","32-37​"
"​CHCCCS019_1_VE38_HAW_1/CL2/01","CHCCCS019_1_VE38_HAW_1  Recognise and respond to crisis situations","Classes","Tue","1:30pm","2:30pm","1:00","","TD307","32-37​"
"​EAT10005_1_HS2_HAW_1/PR1/01","EAT10005_1_HS2_HAW_1  Energy and Motion","Practicals","Tue","1:30pm","3:30pm","2:00","BABU Tharakan","TD320","32-37,40‑44​"
"​CHCDFV001_1_VE38_HAW_1/CL2/01","CHCDFV001_1_VE38_HAW_1  Recognise and respond appropriately to domestic and family violence","Classes","Tue","2:30pm","3:30pm","1:00","","TD307","32-37​"
"​ICTSAS440_1_VE03_HAW_1/LA1/01","ICTSAS440_1_VE03_HAW_1  Monitor and administer security of ICT systems","Labs","Tue","2:30pm","3:30pm","1:00","","TD224","32-40,42‑44,46‑49​"
"​LAL10003_1_HS2_HAW_1/TU1/01","LAL10003_1_HS2_HAW_1  Applied Academic Literacies","Tutorials","Wed","9:30am","12:30pm","3:00","SHAKIL Kainat","TD305","32-37,39‑44​"
"​CHCCSM013_1_VE03_HAW_1/CL1/01","CHCCSM013_1_VE03_HAW_1  Facilitate and review case management","Classes","Thu","8:30am","11:30am","3:00","","TD333","32-37​"
"​CHCCCS004_1_VE03_HAW_1/CL1/02","CHCCCS004_1_VE03_HAW_1  Assess co-existing needs","Classes","Thu","9:30am","10:30am","1:00","","TD307","32-37​"
"​CHCCSM016_1_VE03_HAW_1/CL1/02","CHCCSM016_1_VE03_HAW_1  Undertake advanced assessments","Classes","Thu","10:30am","11:30am","1:00","","TD307","32-37​"
"​CHCCSM012_1_VE03_HAW_1/CL1/01","CHCCSM012_1_VE03_HAW_1  Coordinate complex case requirements","Classes","Thu","12:30pm","3:30pm","3:00","","TD333","32-37​"
"​CHCCSM012_1_VE03_HAW_1/CL1/02","CHCCSM012_1_VE03_HAW_1  Coordinate complex case requirements","Classes","Thu","12:30pm","3:30pm","3:00","","TD305","32-37​"
"​EDU20003_1_HS2_HAW_1/CL1/02","EDU20003_1_HS2_HAW_1  Contemporary Perspectives of Learning and Development","Classes","Thu","1:30pm","4:30pm","3:00","TOPOLANSKY Beverley","TD306","32-36,39,43‑44​"
"​CHCCCS007_1_VE03_HAW_1/CL1/01","CHCCCS007_1_VE03_HAW_1  Develop and implement service programs","Classes","Fri","8:30am","11:30am","3:00","","TD333","32-37​"
"​CHCCCS019_1_VE03_HAW_1/CL1/02","CHCCCS019_1_VE03_HAW_1  Recognise and respond to crisis situations","Classes","Fri","8:30am","11:30am","3:00","","TD304","32-37​"
"​CHCDEV005_1_VE03_HAW_1/CL1/01","CHCDEV005_1_VE03_HAW_1  Analyse impacts of sociological factors on people in community work and services","Classes","Fri","8:30am","11:30am","3:00","","TD226","32-37​"
"​CHCDEV005_1_VE03_HAW_1/CL1/02","CHCDEV005_1_VE03_HAW_1  Analyse impacts of sociological factors on people in community work and services","Classes","Fri","8:30am","11:30am","3:00","","TD306","32-37​"
"​HLTWHS001_1_VE38_HAW_3/CL1/01","HLTWHS001_1_VE38_HAW_3  Participate in workplace health and safety","Classes","Fri","8:30am","11:30am","3:00","","TD307","32,35​"
"​CHCDEV006_1_VE03_HAW_1/CL1/01","CHCDEV006_1_VE03_HAW_1  Analyse information for service planning and delivery","Classes","Fri","12:30pm","3:30pm","3:00","","TD226","32-37​"
"​CHCDEV006_1_VE03_HAW_1/CL1/02","CHCDEV006_1_VE03_HAW_1  Analyse information for service planning and delivery","Classes","Fri","12:30pm","3:30pm","3:00","","TD306","32-37​"
"​CHCYTH021_1_VE03_HAW_1/CL1/01","CHCYTH021_1_VE03_HAW_1  Support youth programs","Classes","Fri","12:30pm","3:30pm","3:00","","TD333","32-37​"
"​CHCCSM010_1_VE03_HAW_1/CL1/01","CHCCSM010_1_VE03_HAW_1  Implement case management practice","Classes","Tue","8:30am","11:30am","3:00","","TD333","33,35-36​"
"​CHCCSM010_1_VE03_HAW_1/CL1/02","CHCCSM010_1_VE03_HAW_1  Implement case management practice","Classes","Tue","8:30am","11:30am","3:00","","TD304","33,35-36​"
"​OCC80060_1_HT3_HAW_1/CL2/04","OCC80060_1_HT3_HAW_1  Enabling Participation: Mental Health 2","Classes","Wed","8:30am","12:30pm","4:00","","TD304","33-37​"
"​CHCEDS046_1_VE18_HAW_1/CL2/01","CHCEDS046_1_VE18_HAW_1  Support student literacy learning","Classes","Fri","12:30pm","3:00pm","2:30","","TD304","34-38​"
"​0RB_03122025013815078","","Booking_Accepted","Tue","10:30am","12:30pm","2:00","","BA702/BA703EN103TD226AGSE110","35​"
"​CHCECE055_1_VE18_HAW_1/CL1/01","CHCECE055_1_VE18_HAW_1  Meet legal and ethical obligations in children's education and care","Classes","Wed","12:30pm","3:30pm","3:00","","TD302","36-38,41,43‑47​"
"​CHCLEG001_1_VE38_HAW_2/CL2/02","CHCLEG001_1_VE38_HAW_2  Work legally and ethically","Classes","Mon","8:30am","10:00am","1:30","","TD305","37​"
"​HLTWHS001_1_VE38_HAW_3/CL2/02","HLTWHS001_1_VE38_HAW_3  Participate in workplace health and safety","Classes","Mon","10:00am","11:30am","1:30","","TD305","37​"
"​CHCCOM002_1_VE38_HAW_2/SM1/02","CHCCOM002_1_VE38_HAW_2  Use communication to build relationships","Simulations","Mon","12:30pm","2:30pm","2:00","","TD334/TD335","37​"
"​HLTAID012_1_VE38_HAW_1/CL1/01","HLTAID012_1_VE38_HAW_1  Provide First Aid in an education and care setting","Classes","Thu","8:30am","11:30am","3:00","","TD306","37,41​"
"​HLTAID012_1_VE38_HAW_1/CL1/02","HLTAID012_1_VE38_HAW_1  Provide First Aid in an education and care setting","Classes","Thu","8:30am","11:30am","3:00","","TD226","37,41​"
"​HLTAID012_1_VE38_HAW_1/CL2/01","HLTAID012_1_VE38_HAW_1  Provide First Aid in an education and care setting","Classes","Thu","12:30pm","3:30pm","3:00","","TD306","37,41​"
"​HLTAID012_1_VE38_HAW_1/CL2/02","HLTAID012_1_VE38_HAW_1  Provide First Aid in an education and care setting","Classes","Thu","12:30pm","3:30pm","3:00","","TD226","37,41​"
"​CHCEDS056_1_VE18_HAW_1/CL1/01","CHCEDS056_1_VE18_HAW_1  Provide support to students with autism spectrum disorder","Classes","Fri","9:30am","12:00pm","2:30","","TD302","37-38,41‑47​"
"​CHCEDS058_1_VE18_HAW_1/CL1/01","CHCEDS058_1_VE18_HAW_1  Support the implementation of behaviour plans","Classes","Fri","12:30pm","3:00pm","2:30","","TD302","37-38,41‑47​"
"​CHCCCS004_1_VE38_HAW_1/SM1/02","CHCCCS004_1_VE38_HAW_1  Assess co-existing needs","Simulations","Sat","10:00am","11:30am","1:30","","TD226","37​"
"​CHCCCS004_1_VE38_HAW_1/SM1/03","CHCCCS004_1_VE38_HAW_1  Assess co-existing needs","Simulations","Sat","10:00am","11:30am","1:30","","TD304","37​"
"​CHCMHS005_1_VE38_HAW_1/SM1/02","CHCMHS005_1_VE38_HAW_1  Provide services to people with co-existing mental health and alcohol and other drugs issues","Simulations","Sat","11:30am","1:00pm","1:30","","TD226","37​"
"​CHCMHS005_1_VE38_HAW_1/SM1/03","CHCMHS005_1_VE38_HAW_1  Provide services to people with co-existing mental health and alcohol and other drugs issues","Simulations","Sat","11:30am","1:00pm","1:30","","TD304","37​"
"​CHCCCS009_1_VE38_HAW_1/SM1/02","CHCCCS009_1_VE38_HAW_1  Facilitate responsible behaviour","Simulations","Sat","1:00pm","2:30pm","1:30","","TD226","37​"
"​CHCCCS009_1_VE38_HAW_1/SM1/03","CHCCCS009_1_VE38_HAW_1  Facilitate responsible behaviour","Simulations","Sat","1:00pm","2:30pm","1:30","","TD304","37​"
"​CHCSOH013_1_VE38_HAW_1/SM1/02","CHCSOH013_1_VE38_HAW_1  Work with people experiencing or at risk of homelessness","Simulations","Sat","2:30pm","4:00pm","1:30","","TD226","37​"
"​CHCSOH013_1_VE38_HAW_1/SM1/03","CHCSOH013_1_VE38_HAW_1  Work with people experiencing or at risk of homelessness","Simulations","Sat","2:30pm","4:00pm","1:30","","TD304","37​"
"​CHCLEG003_1_VE38_HAW_1/CL2/02","CHCLEG003_1_VE38_HAW_1  Manage legal and ethical compliance","Classes","Mon","8:30am","12:30pm","4:00","","TD305","38​"
"​VU23209_1_VE31_HAW_1/CL1/01","VU23209_1_VE31_HAW_1  Investigate the education system","Classes","Mon","9:30am","12:00pm","2:30","","TD226","38,40,45-48​"
"​VU23209_1_VE31_HAW_1/CL1/02","VU23209_1_VE31_HAW_1  Investigate the education system","Classes","Mon","12:30pm","3:00pm","2:30","","TD333","38,40,45-48​"
"​CHCCOM002_1_VE38_HAW_1/CL2/02","CHCCOM002_1_VE38_HAW_1  Use communication to build relationships","Classes","Mon","12:30pm","3:30pm","3:00","","TD307","38​"
"​CHCYTH013_1_VE03_HAW_1/SM1/02","CHCYTH013_1_VE03_HAW_1  Engage respectfully with young people","JTA Co-Code","Tue","8:30am","11:30am","3:00","","TD333","38,40​"
"​CHCYTH013_1_VE03_HAW_1/SM1/03","CHCYTH013_1_VE03_HAW_1  Engage respectfully with young people","JTA Co-Code","Tue","8:30am","11:30am","3:00","","TD226","38,40​"
"​CHCYTH013_1_VE03_HAW_2/SM1/02","CHCYTH013_1_VE03_HAW_2  Engage respectfully with young people","JTA Co-Code","Tue","8:30am","11:30am","3:00","","TD333","38,40​"
"​CHCYTH013_1_VE03_HAW_2/SM1/03","CHCYTH013_1_VE03_HAW_2  Engage respectfully with young people","JTA Co-Code","Tue","8:30am","11:30am","3:00","","TD226","38,40​"
"​CHCYTH013_1_VE03_WAN_1/SM1/02","CHCYTH013_1_VE03_WAN_1  Engage respectfully with young people","JTA Co-Code","Tue","8:30am","11:30am","3:00","","TD333","38,40​"
"​CHCYTH013_1_VE03_WAN_1/SM1/03","CHCYTH013_1_VE03_WAN_1  Engage respectfully with young people","JTA Co-Code","Tue","8:30am","11:30am","3:00","","TD226","38,40​"
"​CHCDIV001_1_VE38_HAW_2/SM1/01","CHCDIV001_1_VE38_HAW_2  Work with diverse people","JTA Co-Code","Tue","8:30am","12:30pm","4:00","","TD304","38​"
"​CHCDIV001_1_VE38_HAW_4/SM1/01","CHCDIV001_1_VE38_HAW_4  Work with diverse people","JTA Co-Code","Tue","8:30am","12:30pm","4:00","","TD304","38​"
"​CHCDIV001_1_VE38_HAW_4/SM1/02","CHCDIV001_1_VE38_HAW_4  Work with diverse people","JTA Co-Code","Tue","8:30am","12:30pm","4:00","","TD306","38​"
"​CHCDIV001_1_VE38_HAW_5/SM1/01","CHCDIV001_1_VE38_HAW_5  Work with diverse people","JTA Co-Code","Tue","8:30am","12:30pm","4:00","","TD304","38​"
"​CHCDIV001_1_VE38_HAW_5/SM1/02","CHCDIV001_1_VE38_HAW_5  Work with diverse people","JTA Co-Code","Tue","8:30am","12:30pm","4:00","","TD306","38​"
"​CHCDIV001_1_VE38_WAN_2/SM1/01","CHCDIV001_1_VE38_WAN_2  Work with diverse people","JTA Co-Code","Tue","8:30am","12:30pm","4:00","","TD304","38​"
"​CHCYTH014_1_VE03_HAW_1/SM1/01","CHCYTH014_1_VE03_HAW_1  Work effectively with young people in the youth work context","JTA Co-Code","Tue","11:30am","2:30pm","3:00","","TD333","38,40​"
"​CHCYTH014_1_VE03_HAW_1/SM1/03","CHCYTH014_1_VE03_HAW_1  Work effectively with young people in the youth work context","JTA Co-Code","Tue","11:30am","2:30pm","3:00","","TD307","38,40​"
"​CHCYTH014_1_VE03_HAW_2/SM1/01","CHCYTH014_1_VE03_HAW_2  Work effectively with young people in the youth work context","JTA Co-Code","Tue","11:30am","2:30pm","3:00","","TD333","38,40​"
"​CHCYTH014_1_VE03_HAW_2/SM1/03","CHCYTH014_1_VE03_HAW_2  Work effectively with young people in the youth work context","JTA Co-Code","Tue","11:30am","2:30pm","3:00","","TD307","38,40​"
"​CHCYTH014_1_VE03_WAN_1/SM1/01","CHCYTH014_1_VE03_WAN_1  Work effectively with young people in the youth work context","JTA Co-Code","Tue","11:30am","2:30pm","3:00","","TD333","38,40​"
"​CHCYTH014_1_VE03_WAN_1/SM1/03","CHCYTH014_1_VE03_WAN_1  Work effectively with young people in the youth work context","JTA Co-Code","Tue","11:30am","2:30pm","3:00","","TD307","38,40​"
"​CHCYTH015_1_VE03_HAW_1/SM1/03","CHCYTH015_1_VE03_HAW_1  Support young people to create opportunities in their lives","JTA Co-Code","Tue","2:30pm","4:30pm","2:00","","TD333","38,40​"
"​CHCYTH015_1_VE03_WAN_1/SM1/03","CHCYTH015_1_VE03_WAN_1  Support young people to create opportunities in their lives","JTA Co-Code","Tue","2:30pm","4:30pm","2:00","","TD333","38,40​"
"​CHCDFV001_1_VE03_HAW_1/SM1/02","CHCDFV001_1_VE03_HAW_1  Recognise and respond appropriately to domestic and family violence","JTA Co-Code","Wed","8:30am","10:30am","2:00","","TD226","38,40​"
"​CHCDFV001_1_VE03_HAW_1/SM1/03","CHCDFV001_1_VE03_HAW_1  Recognise and respond appropriately to domestic and family violence","JTA Co-Code","Wed","8:30am","10:30am","2:00","","TD304","38,40​"
"​CHCDFV001_1_VE16_CRN_1/SM1/02","CHCDFV001_1_VE16_CRN_1  Recognise and respond appropriately to domestic and family violence","JTA Co-Code","Wed","8:30am","10:30am","2:00","","TD226","38,40​"
"​CHCDFV001_1_VE16_CRN_1/SM1/03","CHCDFV001_1_VE16_CRN_1  Recognise and respond appropriately to domestic and family violence","JTA Co-Code","Wed","8:30am","10:30am","2:00","","TD304","38,40​"
"​CHCDFV001_1_VE16_WAN_1/SM1/02","CHCDFV001_1_VE16_WAN_1  Recognise and respond appropriately to domestic and family violence","JTA Co-Code","Wed","8:30am","10:30am","2:00","","TD226","38,40​"
"​CHCDFV001_1_VE16_WAN_1/SM1/03","CHCDFV001_1_VE16_WAN_1  Recognise and respond appropriately to domestic and family violence","JTA Co-Code","Wed","8:30am","10:30am","2:00","","TD304","38,40​"
"​CHCDFV001_1_VE38_WAN_1/SM1/02","CHCDFV001_1_VE38_WAN_1  Recognise and respond appropriately to domestic and family violence","JTA Co-Code","Wed","8:30am","10:30am","2:00","","TD226","38,40​"
"​CHCDFV001_1_VE38_WAN_1/SM1/03","CHCDFV001_1_VE38_WAN_1  Recognise and respond appropriately to domestic and family violence","JTA Co-Code","Wed","8:30am","10:30am","2:00","","TD304","38,40​"
"​CHCMHS013_1_VE03_HAW_1/SM1/03","CHCMHS013_1_VE03_HAW_1  Implement trauma informed care","JTA Co-Code","Wed","10:30am","12:30pm","2:00","","TD226","38,40​"
"​CHCMHS013_1_VE16_CRN_1/SM1/03","CHCMHS013_1_VE16_CRN_1  Implement trauma informed care","JTA Co-Code","Wed","10:30am","12:30pm","2:00","","TD226","38,40​"
"​CHCMHS013_1_VE16_WAN_1/SM1/03","CHCMHS013_1_VE16_WAN_1  Implement trauma informed care","JTA Co-Code","Wed","10:30am","12:30pm","2:00","","TD226","38,40​"
"​CHCCCS019_1_VE03_HAW_1/SM1/03","CHCCCS019_1_VE03_HAW_1  Recognise and respond to crisis situations","JTA Co-Code","Wed","12:30pm","2:30pm","2:00","","TD226","38,40​"
"​CHCCCS019_1_VE16_CRN_1/SM1/03","CHCCCS019_1_VE16_CRN_1  Recognise and respond to crisis situations","JTA Co-Code","Wed","12:30pm","2:30pm","2:00","","TD226","38,40​"
"​CHCCCS019_1_VE16_WAN_1/SM1/03","CHCCCS019_1_VE16_WAN_1  Recognise and respond to crisis situations","JTA Co-Code","Wed","12:30pm","2:30pm","2:00","","TD226","38,40​"
"​CHCCCS019_1_VE38_WAN_1/SM1/03","CHCCCS019_1_VE38_WAN_1  Recognise and respond to crisis situations","JTA Co-Code","Wed","12:30pm","2:30pm","2:00","","TD226","38,40​"
"​CHCCSL001_1_VE03_HAW_1/SM1/03","CHCCSL001_1_VE03_HAW_1  Establish and confirm the counselling relationship","JTA Co-Code","Wed","2:30pm","4:00pm","1:30","","TD226","38,40​"
"​CHCCSL001_1_VE16_CRN_1/SM1/03","CHCCSL001_1_VE16_CRN_1  Establish and confirm the counselling relationship","JTA Co-Code","Wed","2:30pm","4:00pm","1:30","","TD226","38,40​"
"​CHCCSL001_1_VE16_WAN_1/SM1/03","CHCCSL001_1_VE16_WAN_1  Establish and confirm the counselling relationship","JTA Co-Code","Wed","2:30pm","4:00pm","1:30","","TD226","38,40​"
"​CHCCCS004_1_VE03_HAW_1/SM1/02","CHCCCS004_1_VE03_HAW_1  Assess co-existing needs","Simulations","Thu","8:30am","11:30am","3:00","","TD333","38,40​"
"​CHCDIV001_1_VE38_HAW_2/SM1/02","CHCDIV001_1_VE38_HAW_2  Work with diverse people","JTA Co-Code","Thu","8:30am","12:30pm","4:00","","TD306","38​"
"​CHCDIV001_1_VE38_WAN_2/SM1/02","CHCDIV001_1_VE38_WAN_2  Work with diverse people","JTA Co-Code","Thu","8:30am","12:30pm","4:00","","TD306","38​"
"​CHCCSM009_1_VE03_HAW_1/SM1/01","CHCCSM009_1_VE03_HAW_1  Facilitate goal directed planning","Simulations","Thu","11:30am","1:30pm","2:00","","TD333","38,40​"
"​CHCCSM009_1_VE03_HAW_1/SM1/02","CHCCSM009_1_VE03_HAW_1  Facilitate goal directed planning","Simulations","Thu","11:30am","1:30pm","2:00","","TD307","38,40​"
"​CHCCSM009_1_VE03_HAW_1/SM1/03","CHCCSM009_1_VE03_HAW_1  Facilitate goal directed planning","Simulations","Thu","11:30am","1:30pm","2:00","","TD306","38,40​"
"​CHCCSM016_1_VE03_HAW_1/SM1/01","CHCCSM016_1_VE03_HAW_1  Undertake advanced assessments","Simulations","Thu","1:30pm","3:30pm","2:00","","TD333","38,40​"
"​CHCCSM016_1_VE03_HAW_1/SM1/02","CHCCSM016_1_VE03_HAW_1  Undertake advanced assessments","Simulations","Thu","1:30pm","3:30pm","2:00","","TD305","38,40​"
"​CHCCSM016_1_VE03_HAW_1/SM1/03","CHCCSM016_1_VE03_HAW_1  Undertake advanced assessments","Simulations","Thu","1:30pm","3:30pm","2:00","","TD306","38,40​"
"​CHCDEV005_1_VE03_HAW_1/SM1/01","CHCDEV005_1_VE03_HAW_1  Analyse impacts of sociological factors on people in community work and services","JTA Co-Code","Fri","8:30am","11:30am","3:00","","TD226","38,40​"
"​CHCDEV005_1_VE03_HAW_1/SM1/02","CHCDEV005_1_VE03_HAW_1  Analyse impacts of sociological factors on people in community work and services","JTA Co-Code","Fri","8:30am","11:30am","3:00","","TD304","38,40​"
"​CHCDEV005_1_VE03_HAW_2/SM1/01","CHCDEV005_1_VE03_HAW_2  Analyse impacts of sociological factors on people in community work and services","JTA Co-Code","Fri","8:30am","12:30pm","4:00","","TD226","38,40​"
"​CHCDEV005_1_VE03_HAW_2/SM1/02","CHCDEV005_1_VE03_HAW_2  Analyse impacts of sociological factors on people in community work and services","JTA Co-Code","Fri","8:30am","12:30pm","4:00","","TD304","38,40​"
"​CHCDEV005_1_VE03_WAN_1/SM1/01","CHCDEV005_1_VE03_WAN_1  Analyse impacts of sociological factors on people in community work and services","JTA Co-Code","Fri","8:30am","12:30pm","4:00","","TD226","38,40​"
"​CHCDEV005_1_VE03_WAN_1/SM1/02","CHCDEV005_1_VE03_WAN_1  Analyse impacts of sociological factors on people in community work and services","JTA Co-Code","Fri","8:30am","12:30pm","4:00","","TD304","38,40​"
"​CHCCSM001_1_VE17_HAW_1/SM1/01","CHCCSM001_1_VE17_HAW_1  Facilitate goal directed planning","Simulations","Fri","9:30am","11:00am","1:30","","TD333","38​"
"​CHCDEV006_1_VE03_HAW_1/SM1/01","CHCDEV006_1_VE03_HAW_1  Analyse information for service planning and delivery","JTA Co-Code","Fri","12:30pm","3:30pm","3:00","","TD307","38,40​"
"​CHCDEV006_1_VE03_HAW_1/SM1/02","CHCDEV006_1_VE03_HAW_1  Analyse information for service planning and delivery","JTA Co-Code","Fri","12:30pm","3:30pm","3:00","","TD306","38,40​"
"​CHCDEV006_1_VE03_HAW_1/SM1/03","CHCDEV006_1_VE03_HAW_1  Analyse information for service planning and delivery","JTA Co-Code","Fri","12:30pm","3:30pm","3:00","","TD334/TD335","38,40​"
"​CHCDEV006_1_VE03_WAN_1/SM1/01","CHCDEV006_1_VE03_WAN_1  Analyse information for service planning and delivery","JTA Co-Code","Fri","12:30pm","3:30pm","3:00","","TD307","38,40​"
"​CHCDEV006_1_VE03_WAN_1/SM1/02","CHCDEV006_1_VE03_WAN_1  Analyse information for service planning and delivery","JTA Co-Code","Fri","12:30pm","3:30pm","3:00","","TD306","38,40​"
"​CHCDEV006_1_VE03_WAN_1/SM1/03","CHCDEV006_1_VE03_WAN_1  Analyse information for service planning and delivery","JTA Co-Code","Fri","12:30pm","3:30pm","3:00","","TD334/TD335","38,40​"
"​EDU60043_1_SQ4_HAW_1/WK2/01","EDU60043_1_SQ4_HAW_1  Curriculum Development, Assessment and Responsive Pedagogy","Workshops","Tue","8:30am","4:30pm","8:00","","TD304","40​"
"​EDU80012_1_SQ4_HAW_1/WK2/02","EDU80012_1_SQ4_HAW_1  Understanding Indigenous Education and Perspectives","Workshops","Tue","8:30am","4:30pm","8:00","","TD305","40​"
"​EDU80061_1_HSB4_HAW_1/WK1/01","EDU80061_1_HSB4_HAW_1  Leadership of Self","Workshops","Wed","5:30pm","7:30pm","2:00","COTTER Kylie","TD307","40-48​"
"​CHCDFV001_1_VE39_HAW_2/CL1/01","CHCDFV001_1_VE39_HAW_2  Recognise and respond appropriately to domestic and family violence","Classes","Mon","8:30am","11:30am","3:00","","TD333","41-47​"
"​CHCMGT005_1_VE39_HAW_1/CL1/02","CHCMGT005_1_VE39_HAW_1  Facilitate workplace debriefing and support processes","Classes","Mon","8:30am","11:30am","3:00","","TD307","41-47​"
"​CHCMHS007_1_VE39_HAW_1/CL1/01","CHCMHS007_1_VE39_HAW_1  Work effectively in trauma informed care","Classes","Mon","12:30pm","3:30pm","3:00","","TD307","41-46​"
"​CHCPRP003_1_VE39_HAW_1/CL1/02","CHCPRP003_1_VE39_HAW_1  Reflect on and improve own professional practice","Classes","Mon","12:30pm","3:30pm","3:00","","TD306","41-47​"
"​CHCMHS011_1_VE39_HAW_2/CL1/01","CHCMHS011_1_VE39_HAW_2  Assess and promote social, emotional and physical wellbeing","Classes","Tue","8:30am","10:00am","1:30","","TD333","41-44,46‑47​"
"​CHCCCS004_1_VE39_HAW_1/CL1/01","CHCCCS004_1_VE39_HAW_1  Assess co-existing needs","Classes","Tue","8:30am","11:30am","3:00","","TD304","41-44,46​"
"​CHCCCS004_1_VE39_HAW_2/CL1/01","CHCCCS004_1_VE39_HAW_2  Assess co-existing needs","Classes","Tue","8:30am","11:30am","3:00","","TD226","41-47​"
"​NAT10931003_1_VE39_HAW_1/LA1/01","NAT10931003_1_VE39_HAW_1  Facilitate organic and earned marketing","Labs","Tue","8:30am","11:30am","3:00","NEUMANN Gabriella","TD306","41-50​"
"​CHCMHS005_1_VE39_HAW_2/CL1/01","CHCMHS005_1_VE39_HAW_2  Provide services to people with co-existing mental health and alcohol and other drugs issues","Classes","Tue","10:00am","11:30am","1:30","","TD333","41-44,46‑47​"
"​CHCMHS001_1_VE39_HAW_1/CL1/01","CHCMHS001_1_VE39_HAW_1  Work with people with mental health issues","Classes","Tue","12:30pm","3:30pm","3:00","","TD333","41-44,46​"
"​NAT10931002_1_VE39_HAW_2/LA1/01","NAT10931002_1_VE39_HAW_2  Plan and conduct performance marketing","Labs","Tue","12:30pm","3:30pm","3:00","NEUMANN Gabriella","TD307","41-49​"
"​VU23174_1_VE39_HAW_1/CL1/01","VU23174_1_VE39_HAW_1  Apply self-management and workplace health and safety (WHS) strategies in the justice environment","Classes","Thu","8:30am","12:30pm","4:00","","TD307","41-49​"
"​VU23177_1_VE39_HAW_1/CL1/01","VU23177_1_VE39_HAW_1  Identify and support children and young people at risk","Classes","Thu","8:30am","12:30pm","4:00","","TD304","41-49​"
"​CHCPRP003_1_VE05_HAW_2/CL1/01","CHCPRP003_1_VE05_HAW_2  Reflect on and improve own professional practice","Classes","Thu","9:30am","12:00pm","2:30","","TD333","41-47​"
"​CHCCSM017_1_VE18_HAW_1/CL1/01","CHCCSM017_1_VE18_HAW_1  Facilitate and review case management","Classes","Fri","8:30am","11:30am","3:00","","TD333","41-44,46‑47​"
"​CHCGRP002_1_VE39_HAW_2/CL1/01","CHCGRP002_1_VE39_HAW_2  Plan and conduct group activities","Classes","Fri","8:30am","11:30am","3:00","","TD304","41-47​"
"​VU23176_1_VE39_HAW_1/CL1/01","VU23176_1_VE39_HAW_1  Support the management of adult offenders within the Victorian correctional framework","Classes","Fri","8:30am","12:30pm","4:00","","TD307","41-49​"
"​CHCECE054_1_VE39_HAW_1/CL2/01","CHCECE054_1_VE39_HAW_1  Encourage understanding of Aboriginal and/or Torres Strait Islander peoples' cultures","Classes","Fri","12:30pm","3:00pm","2:30","","TD307","41-44​"
"​CHCPRP001_1_VE39_HAW_1/CL1/01","CHCPRP001_1_VE39_HAW_1  Develop and maintain networks and collaborative partnerships","Classes","Fri","12:30pm","3:30pm","3:00","","TD304","41-47​"
"​0RB_0312202501514E5A8","","Booking_Accepted","Tue","11:30am","2:30pm","3:00","","TD304EW303TD220TD226TD305","42​"
"​AST80019_1_HB7_HAW_1/CL1/01","AST80019_1_HB7_HAW_1  Earth Observation Data Analysis","Classes","Tue","2:30pm","4:30pm","2:00","","TD306","42-43​"
"​AST80019_1_HB7_HAW_1/CL2/01","AST80019_1_HB7_HAW_1  Earth Observation Data Analysis","Classes","Thu","2:30pm","4:30pm","2:00","","TD307","42-43​"
"​CHCDIV001_1_VE39_HAW_1/CL1/02","CHCDIV001_1_VE39_HAW_1  Work with diverse people","Classes","Fri","8:30am","11:30am","3:00","","TD226","42-48​"
"​BIO10007_2_SC3_HAW_1/CL1/01","BIO10007_2_SC3_HAW_1  Introduction to Anatomy and Physiology","Classes","Tue","10:30am","12:30pm","2:00","LANG Justin","TD307","43-51,54‑56​"
"​CHCECE038_1_VE39_HAW_1/CL1/01","CHCECE038_1_VE39_HAW_1  Observe children to inform practice","Classes","Thu","12:30pm","3:30pm","3:00","","TD302","43-47​"
"​ECO10001_2_SC3_HAW_1/CL1/01","ECO10001_2_SC3_HAW_1  Economic Principles","Classes","Fri","1:30pm","4:00pm","2:30","CABRAAL WIJESINGHE Judy","TD226","43-51,54‑56​"
"​0RB_03122025040006F14","","Booking_Accepted","Mon","11:30am","3:30pm","4:00","","ATC624TD220TD226TD333","44​"
"​0RB_031220250404E748E","","Booking_Accepted","Tue","11:30am","3:30pm","4:00","","TD304TD226TD305","44​"
"​0RB_031220250408AF240","","Booking_Accepted","Wed","8:30am","3:30pm","7:00","","TD304TD306TD226TD307TD333","44​"
"​0RB_0312202504168D75E","","Booking_Accepted","Thu","12:30pm","3:30pm","3:00","","ATC524TD304TD333","44​"
"​AST80019_1_HB7_HAW_1/CL4/01","AST80019_1_HB7_HAW_1  Earth Observation Data Analysis","Classes","Thu","1:30pm","4:30pm","3:00","","TD305","44-46​"
"​0RB_0312202504227DCB5","","Booking_Accepted","Fri","8:30am","3:30pm","7:00","","TD306EN307AGSE109AGSE107","44​"
"​CHCECE036_1_VE05_HAW_1/CL2/01","CHCECE036_1_VE05_HAW_1  Provide experiences to support children's play and learning","Classes","Tue","8:30am","11:30am","3:00","","TD302","45-47​"
"​CVE10001_1_SC3_HAW_1/PR1/01","CVE10001_1_SC3_HAW_1  Energy and Motion","JTA Co-Code","Wed","8:30am","10:30am","2:00","KURUMTHODATHU SURENDRAN Prince","TD320","45,47,49-51​"
"​PHY10009_1_SC3_HAW_1/PR1/01","PHY10009_1_SC3_HAW_1  Introduction to Physics","JTA Co-Code","Wed","8:30am","10:30am","2:00","KURUMTHODATHU SURENDRAN Prince","TD320","45,47,49-51​"
"​CHCCSM013_1_VE39_HAW_1/SM1/02","CHCCSM013_1_VE39_HAW_1  Facilitate and review case management","Simulations","Sat","10:00am","11:30am","1:30","","TD226","45​"
"​CHCCSM013_1_VE39_HAW_1/SM1/03","CHCCSM013_1_VE39_HAW_1  Facilitate and review case management","Simulations","Sat","10:00am","11:30am","1:30","","TD304","45​"
"​CHCADV002_1_VE39_HAW_1/SM1/02","CHCADV002_1_VE39_HAW_1  Provide advocacy and representation services","Simulations","Sat","11:30am","1:00pm","1:30","","TD226","45​"
"​CHCADV002_1_VE39_HAW_1/SM1/03","CHCADV002_1_VE39_HAW_1  Provide advocacy and representation services","Simulations","Sat","11:30am","1:00pm","1:30","","TD304","45​"
"​CHCDEV005_1_VE39_HAW_1/SM1/02","CHCDEV005_1_VE39_HAW_1  Analyse impacts of sociological factors on people in community work and services","Simulations","Sat","1:00pm","2:30pm","1:30","","TD226","45​"
"​CHCDEV005_1_VE39_HAW_1/SM1/03","CHCDEV005_1_VE39_HAW_1  Analyse impacts of sociological factors on people in community work and services","Simulations","Sat","1:00pm","2:30pm","1:30","","TD304","45​"
"​CHCDEV006_1_VE39_HAW_1/SM1/02","CHCDEV006_1_VE39_HAW_1  Analyse information for service planning and delivery","Simulations","Sat","2:30pm","4:00pm","1:30","","TD226","45​"
"​CHCDEV006_1_VE39_HAW_1/SM1/03","CHCDEV006_1_VE39_HAW_1  Analyse information for service planning and delivery","Simulations","Sat","2:30pm","4:00pm","1:30","","TD304","45​"
"​0RB_10122025042241DAD","","Booking_Accepted","Wed","12:30pm","3:30pm","3:00","","TD306","47​"
"​ARC20011_1_SC3_HAW_1/PR1/01","ARC20011_1_SC3_HAW_1  Mechanics of Structures","Practicals","Wed","8:30am","10:30am","2:00","KHODDAM Shahin","TD320","48,54​"
"​PHY10009_1_SC3_HAW_1/PR2/01","PHY10009_1_SC3_HAW_1  Introduction to Physics","Practicals","Wed","8:30am","10:30am","2:00","","TD320","55​"