"EN413  Lecture Theatre [RT201]  (164),EN515  Lecture Theatre [RT201]  (164),EN615  Lecture Theatre [RT201]  (164),EN715  Lecture Theatre [RT201]  (164),EW301  Classroom [RT202]  (48),EW302  Classroom [RT202]  (48),EW303  Classroom [RT202]  (48),GS101  Non Teaching Space: The George Public Area/Thoroughfare [RT200]  (15),GS102  Non Teaching Space: The George Public Area/Dining Area [RT200]  (42),GS104  Non Teaching Space: The George Public Area/Waiting Area [RT200]  (42),GS151  Non Teaching Space: The George Public Area/Thoroughfare [RT200]  (15),GS217  Non Teaching Space: The George Student lounge (Exclusive Bookings restrcited to after 17:30) [RT200]  (115),GS302  Non Teaching Space: Faith Room [RT618]  (40),GS303  Non Teaching Space: Faith Room (No shoes) [RT618]  (40),GS305/GS308  Non Teaching Space: Faith Room (No shoes) [RT618]  (300),GS307  Non Teaching Space: Faith Room (Quiet Room) [RT618]  (6),GS310  Non Teaching Space: Faith Room [RT618]  (30),IS105/IS106  Photographic Studio [RT306]  (15),FS103  Design Factory [RT103]  (30),FS306  Design Factory [RT103]  (24)"
"Displaying Dates: 29 Dec 25 to 28 Mar 27"
"Exported Mon, 15 Dec 2025, 1:43:39 pm"

"Activity Name","Unit","Activity Type Name","Day","Start","End","Activity Duration","Teacher","Location","Teaching Week","Date(s)"
"​0BFacilities_1_HVAC_NTP_SUT_1/HV1/12","0BFacilities_1_NTP_SUT_1  Project","Project","Mon","6:00pm","10:00pm","4:00","","GS101GS102GS104GS151GS217GS302GS303GS307GS310","1-5​"
"​0BFacilities_1_HVAC_NTP_SUT_1/HV1/14","0BFacilities_1_NTP_SUT_1  Project","Project","Mon","6:00pm","10:00pm","4:00","","EW301EW302EW303","1-5​"
"​0BFacilities_1_HVAC_NTP_SUT_1/HV1/16","0BFacilities_1_NTP_SUT_1  Project","Project","Mon","6:00pm","10:00pm","4:00","","EN106EN108EN Level 2 FoyerEN Level 3 FoyerEN Level 4 FoyerEN Level 5 FoyerEN Level 6 FoyerEN Level 7 FoyerEN101EN102EN103EN123EN124EN201EN202EN204EN205EN207EN209EN210EN212EN213EN214EN217EN301EN302EN303EN304EN305EN307EN308EN310EN313EN401EN402EN405EN406EN409EN413EN515EN615EN715","1-3,5​"
"​0BFacilities_1_HVAC_NTP_SUT_1/HV1/28","0BFacilities_1_NTP_SUT_1  Project","Project","Mon","6:00pm","10:00pm","4:00","","IS105/IS106","1-3​"
"​0BFacilities_1_HVAC_NTP_SUT_1/HV1/12","0BFacilities_1_NTP_SUT_1  Project","Project","Tue","6:00pm","10:00pm","4:00","","GS101GS102GS104GS151GS217GS302GS303GS307GS310","1-5​"
"​0BFacilities_1_HVAC_NTP_SUT_1/HV1/14","0BFacilities_1_NTP_SUT_1  Project","Project","Tue","6:00pm","10:00pm","4:00","","EW301EW302EW303","1-5​"
"​0BFacilities_1_HVAC_NTP_SUT_1/HV1/16","0BFacilities_1_NTP_SUT_1  Project","Project","Tue","6:00pm","10:00pm","4:00","","EN106EN108EN Level 2 FoyerEN Level 3 FoyerEN Level 4 FoyerEN Level 5 FoyerEN Level 6 FoyerEN Level 7 FoyerEN101EN102EN103EN123EN124EN201EN202EN204EN205EN207EN209EN210EN212EN213EN214EN217EN301EN302EN303EN304EN305EN307EN308EN310EN313EN401EN402EN405EN406EN409EN413EN515EN615EN715","1-3,5​"
"​0BFacilities_1_HVAC_NTP_SUT_1/HV1/12","0BFacilities_1_NTP_SUT_1  Project","Project","Wed","6:00pm","10:00pm","4:00","","GS101GS102GS104GS151GS217GS302GS303GS307GS310","1-5​"
"​0BFacilities_1_HVAC_NTP_SUT_1/HV1/14","0BFacilities_1_NTP_SUT_1  Project","Project","Wed","6:00pm","10:00pm","4:00","","EW301EW302EW303","1-5​"
"​0BFacilities_1_HVAC_NTP_SUT_1/HV1/16","0BFacilities_1_NTP_SUT_1  Project","Project","Wed","6:00pm","10:00pm","4:00","","EN106EN108EN Level 2 FoyerEN Level 3 FoyerEN Level 4 FoyerEN Level 5 FoyerEN Level 6 FoyerEN Level 7 FoyerEN101EN102EN103EN123EN124EN201EN202EN204EN205EN207EN209EN210EN212EN213EN214EN217EN301EN302EN303EN304EN305EN307EN308EN310EN313EN401EN402EN405EN406EN409EN413EN515EN615EN715","1-3,5​"
"​0BFacilities_1_HVAC_NTP_SUT_1/HV1/12","0BFacilities_1_NTP_SUT_1  Project","Project","Thu","6:00pm","10:00pm","4:00","","GS101GS102GS104GS151GS217GS302GS303GS307GS310","1-5​"
"​0BFacilities_1_HVAC_NTP_SUT_1/HV1/14","0BFacilities_1_NTP_SUT_1  Project","Project","Thu","6:00pm","10:00pm","4:00","","EW301EW302EW303","1-5​"
"​0BFacilities_1_HVAC_NTP_SUT_1/HV1/16","0BFacilities_1_NTP_SUT_1  Project","Project","Thu","6:00pm","10:00pm","4:00","","EN106EN108EN Level 2 FoyerEN Level 3 FoyerEN Level 4 FoyerEN Level 5 FoyerEN Level 6 FoyerEN Level 7 FoyerEN101EN102EN103EN123EN124EN201EN202EN204EN205EN207EN209EN210EN212EN213EN214EN217EN301EN302EN303EN304EN305EN307EN308EN310EN313EN401EN402EN405EN406EN409EN413EN515EN615EN715","1-3,5​"
"​0BFacilities_1_HVAC_NTP_SUT_1/HV1/12","0BFacilities_1_NTP_SUT_1  Project","Project","Fri","6:00pm","10:00pm","4:00","","GS101GS102GS104GS151GS217GS302GS303GS307GS310","1-5​"
"​0BFacilities_1_HVAC_NTP_SUT_1/HV1/14","0BFacilities_1_NTP_SUT_1  Project","Project","Fri","6:00pm","10:00pm","4:00","","EW301EW302EW303","1-5​"
"​0BFacilities_1_HVAC_NTP_SUT_1/HV1/16","0BFacilities_1_NTP_SUT_1  Project","Project","Fri","6:00pm","10:00pm","4:00","","EN106EN108EN Level 2 FoyerEN Level 3 FoyerEN Level 4 FoyerEN Level 5 FoyerEN Level 6 FoyerEN Level 7 FoyerEN101EN102EN103EN123EN124EN201EN202EN204EN205EN207EN209EN210EN212EN213EN214EN217EN301EN302EN303EN304EN305EN307EN308EN310EN313EN401EN402EN405EN406EN409EN413EN515EN615EN715","1-3,5​"
"​0BFacilities_1_HVAC_NTP_SUT_1/HV1/13","0BFacilities_1_NTP_SUT_1  Project","Project","Sat","8:00am","10:00pm","14:00","","GS101GS102GS104GS151GS217GS302GS303GS307GS310","1-5​"
"​0BFacilities_1_HVAC_NTP_SUT_1/HV1/15","0BFacilities_1_NTP_SUT_1  Project","Project","Sat","8:00am","10:00pm","14:00","","EW301EW302EW303","1-5​"
"​0BFacilities_1_HVAC_NTP_SUT_1/HV1/18","0BFacilities_1_NTP_SUT_1  Project","Project","Sat","8:00am","10:00pm","14:00","","EN106EN108EN FoyerEN Level 2 FoyerEN Level 3 FoyerEN Level 4 FoyerEN Level 5 FoyerEN Level 6 FoyerEN Level 7 FoyerEN101EN102EN103EN123EN124EN201EN202EN203EN204EN205EN207EN209EN210EN212EN213EN214EN217EN301EN302EN303EN304EN305EN307EN308EN310EN313EN401EN402EN405EN406EN409EN413EN515EN615EN715","1-5​"
"​0BFacilities_1_HVAC_NTP_SUT_1/HV1/13","0BFacilities_1_NTP_SUT_1  Project","Project","Sun","8:00am","10:00pm","14:00","","GS101GS102GS104GS151GS217GS302GS303GS307GS310","1-5​"
"​0BFacilities_1_HVAC_NTP_SUT_1/HV1/15","0BFacilities_1_NTP_SUT_1  Project","Project","Sun","8:00am","10:00pm","14:00","","EW301EW302EW303","1-5​"
"​0BFacilities_1_HVAC_NTP_SUT_1/HV1/18","0BFacilities_1_NTP_SUT_1  Project","Project","Sun","8:00am","10:00pm","14:00","","EN106EN108EN FoyerEN Level 2 FoyerEN Level 3 FoyerEN Level 4 FoyerEN Level 5 FoyerEN Level 6 FoyerEN Level 7 FoyerEN101EN102EN103EN123EN124EN201EN202EN203EN204EN205EN207EN209EN210EN212EN213EN214EN217EN301EN302EN303EN304EN305EN307EN308EN310EN313EN401EN402EN405EN406EN409EN413EN515EN615EN715","1-5​"
"​DDD20009_3_SUM_HAW_1/ST1/01","DDD20009_3_SUM_HAW_1  Photography and Art Direction","Studios","Mon","9:30am","12:30pm","3:00","WIILIAMS Michelle","IS105/IS106","2-7​"
"​DCO10004_3_SUM_HAW_1/ST1/01","DCO10004_3_SUM_HAW_1  Photography for Design","Streamed","Mon","12:30pm","3:30pm","3:00","","IS105/IS106","2-7​"
"​ART20002_1_SUM_HAW_1/ST1/01","ART20002_1_SUM_HAW_1  Experimental Image-Making Processes","Studios","Tue","9:30am","12:30pm","3:00","","IS105/IS106","2-7​"
"​DDD30015_3_SUM_HAW_1/ST1/01","DDD30015_3_SUM_HAW_1  Visual Storytelling","Studios","Tue","12:30pm","3:30pm","3:00","MAGEE Morganna","IS105/IS106","2-7​"
"​DDD20009_3_SUM_HAW_1/ST2/01","DDD20009_3_SUM_HAW_1  Photography and Art Direction","Studios","Wed","9:30am","12:30pm","3:00","WIILIAMS Michelle","IS105/IS106","2-7​"
"​ART20002_1_SUM_HAW_1/ST2/01","ART20002_1_SUM_HAW_1  Experimental Image-Making Processes","Studios","Thu","9:30am","12:30pm","3:00","","IS105/IS106","2-7​"
"​DCO10004_3_SUM_HAW_1/ST2/01","DCO10004_3_SUM_HAW_1  Photography for Design","Streamed","Thu","12:30pm","3:30pm","3:00","","IS105/IS106","2-7​"
"​DDD30015_3_SUM_HAW_1/ST2/01","DDD30015_3_SUM_HAW_1  Visual Storytelling","Studios","Fri","12:30pm","3:30pm","3:00","MAGEE Morganna","IS105/IS106","2-7​"
"​EDU60055_1_HSB1_HAW_1/CL1/01","EDU60055_1_HSB1_HAW_1  Professionalism with Family, Community and Industry","Classes","Mon","10:30am","2:30pm","4:00","ELLIS Tamara","EW302","4-9​"
"​EDU60054_1_HSB1_HAW_1/CL1/01","EDU60054_1_HSB1_HAW_1  Child Play with Science, Technology, Engineering and Mathematics","Classes","Mon","12:30pm","4:30pm","4:00","","EW301","4-9​"
"​EDU60052_1_HSB1_HAW_1/CL1/01","EDU60052_1_HSB1_HAW_1  Child Growth, Health and Wellbeing","Classes","Tue","8:30am","12:30pm","4:00","","EW301","4-9​"
"​EDU60052_1_HSB1_HAW_1/CL1/02","EDU60052_1_HSB1_HAW_1  Child Growth, Health and Wellbeing","Classes","Tue","12:30pm","4:30pm","4:00","","EW301","4-9​"
"​EDU60052_1_HSB1_HAW_1/CL1/03","EDU60052_1_HSB1_HAW_1  Child Growth, Health and Wellbeing","Classes","Wed","8:30am","12:30pm","4:00","","EW301","4-9​"
"​0BEvent_1_NTP_SUT_1/EV1/01","0BEvent_1_NTP_SUT_1  Event","Events","Wed","8:30am","10:30pm","14:00","","ATC Level 1 FoyerAMDC301ATC101ATC105ATC206EN103EN201EN202EN204EN313EN413EN515EN615EN715","4​"
"​EDU60053_1_HSB1_HAW_1/CL1/03","EDU60053_1_HSB1_HAW_1  Child Play with Literacy and Creative Pedagogy","Classes","Wed","10:30am","2:30pm","4:00","FIELDS Belinda","EW302","4-9​"
"​EDU60052_1_HSB1_HAW_1/CL1/04","EDU60052_1_HSB1_HAW_1  Child Growth, Health and Wellbeing","Classes","Wed","12:30pm","4:30pm","4:00","","EW301","4-9​"
"​0BEvent_1_NTP_SUT_1/EV1/01","0BEvent_1_NTP_SUT_1  Event","Events","Thu","8:30am","10:30pm","14:00","","ATC Level 1 FoyerAMDC301ATC101ATC105ATC206EN103EN201EN202EN204EN313EN413EN515EN615EN715","4​"
"​OCC80050_1_HB1_HAW_1/LE1/01","OCC80050_1_HB1_HAW_1  Enabling Participation:  Advanced Practice","Lectures","Mon","8:30am","9:30am","1:00","","EN615","6-7​"
"​OCC80050_1_HB1_HAW_1/LE2/01","OCC80050_1_HB1_HAW_1  Enabling Participation:  Advanced Practice","Lectures","Mon","9:30am","11:30am","2:00","","EN615","6​"
"​INV20002_1_HB1_HAW_1/ST1/01","INV20002_1_HB1_HAW_1  Innovation for the Future","Studios","Mon","1:30pm","4:30pm","3:00","","FS103","6-9​"
"​INV20002_1_HB1_HAW_1/ST2/01","INV20002_1_HB1_HAW_1  Innovation for the Future","Studios","Tue","9:30am","12:30pm","3:00","","FS103","6-9​"
"​INV20002_1_HB1_HAW_1/ST3/01","INV20002_1_HB1_HAW_1  Innovation for the Future","Studios","Tue","1:30pm","4:30pm","3:00","","FS103","6-9​"
"​OCC70060_1_HB1_HAW_1/LE1/01","OCC70060_1_HB1_HAW_1  Enabling Participation: Mental Health 1","Lectures","Wed","9:30am","11:30am","2:00","","EN615","6​"
"​OCC80050_1_HB1_HAW_1/LE3/01","OCC80050_1_HB1_HAW_1  Enabling Participation:  Advanced Practice","Lectures","Mon","9:30am","10:30am","1:00","","EN615","7​"
"​0BExams_1_NTP_SUT_1/EX1/16","0BExams_1_NTP_SUT_1  Exam","Exams","Mon","8:30am","10:30pm","14:00","","EN303EN304EN307EN308EW303","8​"
"​0BExams_1_NTP_SUT_1/EX1/16","0BExams_1_NTP_SUT_1  Exam","Exams","Tue","8:30am","10:30pm","14:00","","EN303EN304EN307EN308EW303","8​"
"​0RB_021220252345451ED","","Booking_Accepted","Wed","8:30am","5:30pm","9:00","","GS217","8​"
"​0RB_031220250057E238F","","Booking_Accepted","Wed","8:30am","5:30pm","9:00","","EN413","8​"
"​0BExams_1_NTP_SUT_1/EX1/16","0BExams_1_NTP_SUT_1  Exam","Exams","Wed","8:30am","10:30pm","14:00","","EN303EN304EN307EN308EW303","8​"
"​0RB_121220250518A1E2F","","Booking_Accepted","Wed","11:30am","1:30pm","2:00","","EN615","8​"
"​0RB_03122025005869293","","Booking_Accepted","Wed","12:30pm","1:30pm","1:00","","EN515","8​"
"​0BExams_1_NTP_SUT_1/EX1/16","0BExams_1_NTP_SUT_1  Exam","Exams","Thu","8:30am","10:30pm","14:00","","EN303EN304EN307EN308EW303","8​"
"​0BAdhoc_1_NTP_SUT_1/BK1/18","0BAdhoc_1_NTP_SUT_1  AdHoc","Booking","Fri","8:30am","10:30am","2:00","","GS101","8-9​"
"​0BEvent_1_NTP_SUT_1/EV1/75","0BEvent_1_NTP_SUT_1  Event","Events","Fri","8:30am","10:30pm","14:00","","EN FoyerEN101EN102EN103EN204EN205EN207EN209EN210EN301EN302EN305EN313EN401EN409EN413EN515EN615EN715","8​"
"​0BExams_1_NTP_SUT_1/EX1/16","0BExams_1_NTP_SUT_1  Exam","Exams","Fri","8:30am","10:30pm","14:00","","EN303EN304EN307EN308EW303","8​"
"​0BAdhoc_1_NTP_SUT_1/BK1/19","0BAdhoc_1_NTP_SUT_1  AdHoc","Booking","Fri","4:30pm","10:30pm","6:00","","GS101","8-9​"
"​0BEvent_1_NTP_SUT_1/EV1/40","0BEvent_1_NTP_SUT_1  Event","Events","Sat","8:30am","10:30pm","14:00","","EN FoyerEN101EN102EN103EN201EN202EN203EN204EN205EN207EN209EN210EN301EN302EN305EN313EN401EN409EN413EN515EN615EN715","8​"
"​0BExams_1_NTP_SUT_1/EX1/16","0BExams_1_NTP_SUT_1  Exam","Exams","Sat","8:30am","10:30pm","14:00","","EN303EN304EN307EN308EW303","8​"
"​0BExams_1_NTP_SUT_1/EX1/16","0BExams_1_NTP_SUT_1  Exam","Exams","Sun","8:30am","10:30pm","14:00","","EN303EN304EN307EN308EW303","8​"
"​0BAdhoc_1_NTP_SUT_1/BK1/20","0BAdhoc_1_NTP_SUT_1  AdHoc","Booking","Mon","8:30am","10:30am","2:00","","GS101","9-10​"
"​0RB_031220250302FC7FC","","Booking_Accepted","Mon","8:30am","3:30pm","7:00","","TD306EW303TD226SPW112SPW111","9​"
"​0BEvent_1_NTP_SUT_1/EV1/41","0BEvent_1_NTP_SUT_1  Event","Events","Mon","8:30am","10:30pm","14:00","","EN FoyerEN101EN102EN103EN201EN202EN203EN204EN205EN207EN209EN210EN301EN302EN303EN304EN305EN307EN308EN313EN401EN405EN406EN409EN413EN515EN615EN715","9​"
"​0BAdhoc_1_NTP_SUT_1/BK1/21","0BAdhoc_1_NTP_SUT_1  AdHoc","Booking","Mon","4:30pm","10:30pm","6:00","","GS101","9-10​"
"​0BAdhoc_1_NTP_SUT_1/BK1/20","0BAdhoc_1_NTP_SUT_1  AdHoc","Booking","Tue","8:30am","10:30am","2:00","","GS101","9-10​"
"​0BEvent_1_NTP_SUT_1/EV1/128","0BEvent_1_NTP_SUT_1  Event","Events","Tue","8:30am","12:30pm","4:00","","EN715","9​"
"​0RB_03122025030789FB2","","Booking_Accepted","Tue","8:30am","3:30pm","7:00","","EN405EN406EW302EW303","9​"
"​0BEvent_1_NTP_SUT_1/EV1/74","0BEvent_1_NTP_SUT_1  Event","Events","Tue","8:30am","10:30pm","14:00","","EN FoyerEN101EN102EN103EN204EN205EN207EN209EN210EN301EN302EN303EN304EN305EN307EN308EN313EN401EN409EN413EN515EN615","9​"
"​0BEvent_1_NTP_SUT_1/EV1/129","0BEvent_1_NTP_SUT_1  Event","Events","Tue","12:30pm","10:30pm","10:00","","EN715","9​"
"​0BAdhoc_1_NTP_SUT_1/BK1/21","0BAdhoc_1_NTP_SUT_1  AdHoc","Booking","Tue","4:30pm","10:30pm","6:00","","GS101","9-10​"
"​0BAdhoc_1_NTP_SUT_1/BK1/20","0BAdhoc_1_NTP_SUT_1  AdHoc","Booking","Wed","8:30am","10:30am","2:00","","GS101","9-10​"
"​0RB_0312202503110AE0E","","Booking_Accepted","Wed","8:30am","3:30pm","7:00","","TD306EW303TD226SPW112SPW111","9​"
"​0BEvent_1_NTP_SUT_1/EV1/42","0BEvent_1_NTP_SUT_1  Event","Events","Wed","8:30am","10:30pm","14:00","","EN FoyerEN101EN102EN103EN201EN202EN204EN205EN207EN209EN210EN301EN302EN303EN304EN305EN307EN308EN313EN401EN405EN406EN409EN413EN515EN615EN715","9​"
"​0BAdhoc_1_NTP_SUT_1/BK1/21","0BAdhoc_1_NTP_SUT_1  AdHoc","Booking","Wed","4:30pm","10:30pm","6:00","","GS101","9-10​"
"​0BAdhoc_1_NTP_SUT_1/BK1/20","0BAdhoc_1_NTP_SUT_1  AdHoc","Booking","Thu","8:30am","10:30am","2:00","","GS101","9-10​"
"​0RB_031220250313999C3","","Booking_Accepted","Thu","8:30am","3:30pm","7:00","","EW301EW302EW303SPW112SPW111","9​"
"​0BEvent_1_NTP_SUT_1/EV1/73","0BEvent_1_NTP_SUT_1  Event","Events","Thu","8:30am","10:30pm","14:00","","EN FoyerEN101EN102EN103EN201EN202EN203EN204EN205EN207EN209EN210EN301EN302EN305EN308EN313EN401EN405EN406EN409EN413EN515EN615EN715","9​"
"​0BAdhoc_1_NTP_SUT_1/BK1/21","0BAdhoc_1_NTP_SUT_1  AdHoc","Booking","Thu","4:30pm","10:30pm","6:00","","GS101","9-10​"
"​0RB_031220250316C761C","","Booking_Accepted","Fri","8:30am","3:30pm","7:00","","EW301EW302EW303SPW112SPW111","9​"
"​0BEvent_1_NTP_SUT_1/EV1/43","0BEvent_1_NTP_SUT_1  Event","Events","Fri","8:30am","10:30pm","14:00","","EN FoyerEN101EN102EN103EN201EN202EN203EN204EN205EN207EN209EN210EN301EN302EN305EN308EN313EN401EN405EN406EN409EN413EN515EN615EN715","9​"
"​0BEvent_1_NTP_SUT_1/EV1/72","0BEvent_1_NTP_SUT_1  Event","Events","Sun","8:30am","10:30pm","14:00","","EN FoyerEN101EN102EN103EN201EN202EN203EN204EN205EN207EN209EN210EN301EN303EN304EN307EN308EN401EN405EN406EN409EN413EN515EN615EN715","9​"
"​ACC10007_1_HS1_HAW_1/CL1/07","ACC10007_1_HS1_HAW_1  Financial Information for Decision Making","Classes","Mon","8:30am","10:30am","2:00","WEBSTER John","EN715","10-22​"
"​MTH10010_1_HS1_HAW_1/LE1/01","MTH10010_1_HS1_HAW_1  Essential Mathematics","Lectures","Mon","8:30am","10:30am","2:00","","EN515","10-15,19‑22​"
"​ART20002_1_HS1_HAW_1/ST1/03","ART20002_1_HS1_HAW_1  Experimental Image-Making Processes","Studios","Mon","8:30am","11:30am","3:00","LANE Denise","IS105/IS106","10-22​"
"​0BStudySpace_1_NTP_SUT_1/SS1/01","0BStudySpace_1_NTP_SUT_1  Timetable Student Study Space Block","Study Space","Mon","8:30am","10:30pm","14:00","","GS217","10-22​"
"​DID40001_1_HS1_HAW_1/CL1/01","DID40001_1_HS1_HAW_1  Capstone: Industrial Design Major Project 1","Classes","Mon","9:30am","10:30am","1:00","RANSCOMBE CharlesCHIA Nicholas","EN413","10-22​"
"​EDU80011_2_HS1_HAW_1/LE1/01","EDU80011_2_HS1_HAW_1  Professional Masters Practice of Work","Lectures","Mon","9:30am","10:30am","1:00","VONCINA Vida","EW302","10-22​"
"​MEE30001_2_HS1_HAW_1/LE1/01","MEE30001_2_HS1_HAW_1  Manufacturing Engineering","Lectures","Mon","9:30am","10:30am","1:00","","EN615","10-11,14‑16,19‑20​"
"​DDD60030_2_HS1_HAW_1/ST1/01","DDD60030_2_HS1_HAW_1  DFM: Design Innovation and Disruption","JTA Co-Code","Mon","9:30am","12:30pm","3:00","","FS103","10-22​"
"​DDD80012_3_HS1_HAW_1/ST1/01","DDD80012_3_HS1_HAW_1  DFM Toolbox: Innovation and Interdisciplinary Collaboration 1","JTA Co-Code","Mon","9:30am","12:30pm","3:00","","FS103","10-22​"
"​ENG10003_2_HS1_HAW_1/LE1/01","ENG10003_2_HS1_HAW_1  Engineering Mechanics","Lectures","Mon","10:30am","11:30am","1:00","LEE Jessey","EN515","10-22​"
"​MEE30007_1_HS1_HAW_1/LE1/01","MEE30007_1_HS1_HAW_1  Vibration, Data Analysis and Data Decomposition","Lectures","Mon","10:30am","11:30am","1:00","","EN715","10-22​"
"​EDU80011_2_HS1_HAW_1/TU1/01","EDU80011_2_HS1_HAW_1  Professional Masters Practice of Work","Tutorials","Mon","10:30am","12:30pm","2:00","VONCINA Vida","EW302","10-22​"
"​MGT10009_1_HS1_HAW_1/CL1/08","MGT10009_1_HS1_HAW_1  Contemporary Management Principles","Classes","Mon","10:30am","12:30pm","2:00","","EN615","10-22​"
"​PHY10002_2_HS1_HAW_1/LE1/01","PHY10002_2_HS1_HAW_1  Introduction to Physics","Lectures","Mon","10:30am","12:30pm","2:00","JOSE Smitha","EN413","10-22​"
"​SCM30002_1_HS1_HAW_1/CL1/01","SCM30002_1_HS1_HAW_1  Understanding Risk Management","Classes","Mon","10:30am","12:30pm","2:00","WILSON Kathleen","EW303","10-22​"
"​ART20002_1_HS1_HAW_1/ST1/02","ART20002_1_HS1_HAW_1  Experimental Image-Making Processes","Studios","Mon","11:30am","2:30pm","3:00","LANE Denise","IS105/IS106","10-22​"
"​CSM80017_1_HS1_HAW_1/LE1/01","CSM80017_1_HS1_HAW_1  Managing Quality and Safety in Construction Site Operations","Lectures","Mon","11:30am","2:30pm","3:00","","EN715","10-22​"
"​ENG40011_1_HS1_HAW_1/LE1/01","ENG40011_1_HS1_HAW_1  Engineering Technology Innovation Project","Lectures","Mon","12:30pm","1:30pm","1:00","","EN515","10-22​"
"​CHE10002_1_HS1_HAW_1/LE1/01","CHE10002_1_HS1_HAW_1  Chemistry 2","Lectures","Mon","12:30pm","2:30pm","2:00","EVANS CoreyWANG FengMAHON PeterSUN Chenghua","EN615","10-22​"
"​CSM30007_1_HS1_HAW_1/LE1/01","CSM30007_1_HS1_HAW_1  Construction Safety and Quality Practices","Lectures","Mon","12:30pm","2:30pm","2:00","Huang Mengqi (Amanda)","EN413","10-22​"
"​DDD60030_2_HS1_HAW_1/ST1/04","DDD60030_2_HS1_HAW_1  DFM: Design Innovation and Disruption","JTA Co-Code","Mon","1:30pm","4:30pm","3:00","","FS103","10-22​"
"​DDD80012_3_HS1_HAW_1/ST1/04","DDD80012_3_HS1_HAW_1  DFM Toolbox: Innovation and Interdisciplinary Collaboration 1","JTA Co-Code","Mon","1:30pm","4:30pm","3:00","","FS103","10-22​"
"​DIG30001_3_HS1_HAW_1/LE1/01","DIG30001_3_HS1_HAW_1  Digital Marketing Project 1","Lectures","Mon","2:30pm","3:30pm","1:00","YAHYA AlfandiPANTALEO Giuseppe","EN515","10,13-15​"
"​ART20002_1_HS1_HAW_1/ST1/01","ART20002_1_HS1_HAW_1  Experimental Image-Making Processes","Studios","Mon","2:30pm","5:30pm","3:00","LANE Denise","IS105/IS106","10-22​"
"​EDU20006_2_HS1_HAW_1/CL1/01","EDU20006_2_HS1_HAW_1  Curriculum, Planning and Assessment for Primary: Practicum 2","Classes","Mon","2:30pm","5:30pm","3:00","ROHDE Anne","EW302","10-16,21‑22​"
"​EDU40020_1_HS1_HAW_1/CL1/01","EDU40020_1_HS1_HAW_1  Nature Pedagogies","Classes","Mon","2:30pm","5:30pm","3:00","MALONE Karen","EW303","10-16,21‑22​"
"​ADM80013_2_HS1_HAW_1/LE1/01","ADM80013_2_HS1_HAW_1  Advanced Manufacturing Processes","Lectures","Mon","3:30pm","4:30pm","1:00","RAHMAN RASHID Rizwan Abdul","EN515","10-16,18‑22​"
"​MDA20026_1_HS1_HAW_1/LE1/01","MDA20026_1_HS1_HAW_1  Media Analytics and Visualisation","Lectures","Mon","3:30pm","4:30pm","1:00","AHMED Ashir","EN715","10-22​"
"​ENG40007_1_HS1_HAW_1/SE1/01","ENG40007_1_HS1_HAW_1  Engineering Technology Project A","JTA Co-Code","Mon","4:30pm","5:30pm","1:00","ABDOUKA KamiranWANG JamesKRISHNAN Shanti","EN515","10-22​"
"​ENG40009_1_HS1_HAW_1/SE1/01","ENG40009_1_HS1_HAW_1  Engineering Technology Project A (Eng/Bus)","JTA Co-Code","Mon","4:30pm","5:30pm","1:00","ABDOUKA KamiranWANG JamesKRISHNAN Shanti","EN515","10-22​"
"​MEE20001_2_HS1_HAW_1/LE1/01","MEE20001_2_HS1_HAW_1  Thermodynamics","Lectures","Mon","4:30pm","6:30pm","2:00","HUDA Durul","EN615","10-12,19‑21​"
"​AVF10001_1_HT1_HAW_1/CL1/01","AVF10001_1_HT1_HAW_1  Remote Pilot Licence Theory and Practicum (Multi-rotor drones up to 25kg)","Classes","Mon","4:30pm","7:30pm","3:00","","EN715","10,13​"
"​COS80029_1_HS1_HAW_1/CL1/04","COS80029_1_HS1_HAW_1  Technology Application Project","Classes","Mon","5:30pm","7:30pm","2:00","","EW303","10,12,14-15,17,19,21‑22​"
"​ENT30015_2_HS1_HAW_1/CL1/01","ENT30015_2_HS1_HAW_1  Entrepreneurship Launchpad","Classes","Mon","6:30pm","8:30pm","2:00","","EN515","10-22​"
"​ACC10007_1_HS1_HAW_1/CL1/06","ACC10007_1_HS1_HAW_1  Financial Information for Decision Making","Classes","Tue","8:30am","10:30am","2:00","WEBSTER John","EN715","10-22​"
"​CHCLEG003_1_VE11_HAW_1/CL1/02","CHCLEG003_1_VE11_HAW_1  Manage legal and ethical compliance","Classes","Tue","8:30am","11:30am","3:00","","EW303","10-14,16​"
"​DDD20009_3_HS1_HAW_1/ST1/01","DDD20009_3_HS1_HAW_1  Photography and Art Direction","Studios","Tue","8:30am","11:30am","3:00","WIILIAMS Michelle","IS105/IS106","10-22​"
"​EDU20001_1_HS1_HAW_1/CL1/02","EDU20001_1_HS1_HAW_1  Developing Literacy","Classes","Tue","8:30am","11:30am","3:00","KEWANIAN Alina","EW302","10-16,21‑22​"
"​EDU40011_1_HS1_HAW_1/CL1/01","EDU40011_1_HS1_HAW_1  Teaching the Humanities","Classes","Tue","8:30am","11:30am","3:00","FORBES-ROLFE Janine","EW301","10-16,21‑22​"
"​0BStudySpace_1_NTP_SUT_1/SS1/02","0BStudySpace_1_NTP_SUT_1  Timetable Student Study Space Block","Study Space","Tue","8:30am","10:30pm","14:00","","GS217","10-22​"
"​MEE20003_2_HS1_HAW_1/LE1/01","MEE20003_2_HS1_HAW_1  Fluid Mechanics 1: Forces and Energy","Lectures","Tue","9:00am","10:30am","1:30","LEONTINI Justin","EN615","10-22​"
"​ART10002_2_HS1_HAW_1/LE1/01","ART10002_2_HS1_HAW_1  Technology and Society","Lectures","Tue","9:30am","10:30am","1:00","PETERS AndrewALEXANDER DamonKIRKPATRICK Andrew","EN515","10-22​"
"​DDD10009_1_HS1_HAW_1/LE1/01","DDD10009_1_HS1_HAW_1  Introduction to Digital Imaging","Lectures","Tue","9:30am","10:30am","1:00","KEEP Dean","EN413","10-22​"
"​DES20057_1_HS1_HAW_1/ST1/01","DES20057_1_HS1_HAW_1  Toolbox for Prototyping and Interdisciplinary Collaboration","Studios","Tue","9:30am","12:30pm","3:00","","FS103","10-22​"
"​ADM80001_1_HS1_HAW_1/LE1/01","ADM80001_1_HS1_HAW_1  Nanofabrication Technologies","Lectures","Tue","10:30am","11:30am","1:00","SALIM NisaJUODKAZIS SauliusKINGSHOTT Peter","EN515","10-22​"
"​POL20009_2_HS1_HAW_1/LE1/01","POL20009_2_HS1_HAW_1  Dictators and Democrats: Comparative Politics","Lectures","Tue","10:30am","11:30am","1:00","LEACH Michael","EN413","10-22​"
"​PHI10007_1_HS1_HAW_1/LE1/01","PHI10007_1_HS1_HAW_1  What is Power?","Lectures","Tue","11:30am","12:30pm","1:00","","EN413","10-13​"
"​DDD20009_3_HS1_HAW_1/ST1/02","DDD20009_3_HS1_HAW_1  Photography and Art Direction","Studios","Tue","11:30am","2:30pm","3:00","LUNNIE Paul","IS105/IS106","10-22​"
"​EDU20014_1_HS1_HAW_1/CL1/01","EDU20014_1_HS1_HAW_1  Social and Emotional Learning","Classes","Tue","11:30am","2:30pm","3:00","HARTUNG Catherine","EW303","10-16,21‑22​"
"​EDU30070_1_HS1_HAW_1/CL1/01","EDU30070_1_HS1_HAW_1  Teacher Wellbeing, Resilience and Emotional Intelligence","Classes","Tue","11:30am","2:30pm","3:00","FIELDS Belinda","EW301","10-16,21‑22​"
"​EDU40021_1_HS1_HAW_1/WK1/01","EDU40021_1_HS1_HAW_1  Achieving High Quality Early Learning","Workshops","Tue","11:30am","2:30pm","3:00","GAMAGE Erin","EW302","10-16,21‑22​"
"​ART30003_1_HS1_HAW_1/LE1/01","ART30003_1_HS1_HAW_1  Behaviour and Motivation in Games","Lectures","Tue","12:30pm","1:30pm","1:00","CRAWFORD Laura","EN515","10-22​"
"​ACC10007_1_HS1_HAW_1/CL1/01","ACC10007_1_HS1_HAW_1  Financial Information for Decision Making","Classes","Tue","12:30pm","2:30pm","2:00","WEBSTER John","EN715","10-22​"
"​AVA10001_4_HS1_HAW_1/LE1/01","AVA10001_4_HS1_HAW_1  The Global Aviation System and Regulatory Framework","Lectures","Tue","12:30pm","2:30pm","2:00","MAUNG Yun","EN615","10-22​"
"​MTH20010_3_HS1_HAW_1/LE1/01","MTH20010_3_HS1_HAW_1  Statistics and Computation for Engineering","Streamed","Tue","12:30pm","2:30pm","2:00","POTOTSKYY Andriy","EN413","10-22​"
"​AVA30008_1_HS1_HAW_1/LE1/01","AVA30008_1_HS1_HAW_1  Aviation Capstone 1: Project Planning","Lectures","Tue","1:30pm","2:30pm","1:00","CHEUNG TommyMACLEAN Dirk","EN515","10-22​"
"​DES20057_1_HS1_HAW_1/ST1/02","DES20057_1_HS1_HAW_1  Toolbox for Prototyping and Interdisciplinary Collaboration","Studios","Tue","1:30pm","4:30pm","3:00","","FS103","10-22​"
"​EEE30002_1_HS1_HAW_1/LE1/01","EEE30002_1_HS1_HAW_1  Electrical Power Systems","Lectures","Tue","2:30pm","3:30pm","1:00","","EN615","10-22​"
"​ACC10007_1_HS1_HAW_1/CL1/08","ACC10007_1_HS1_HAW_1  Financial Information for Decision Making","Classes","Tue","2:30pm","4:30pm","2:00","WEBSTER John","EN715","10-22​"
"​ACC30010_1_HS1_HAW_1/CL1/02","ACC30010_1_HS1_HAW_1  Auditing","Classes","Tue","2:30pm","4:30pm","2:00","MUIR Janine","EW302","10-22​"
"​GAM30002_1_HS1_HAW_1/LE1/01","GAM30002_1_HS1_HAW_1  Games & Interactivity Project 1","Lectures","Tue","2:30pm","4:30pm","2:00","","EN413","10-22​"
"​ICT20025_2_HS1_HAW_1/CL1/11","ICT20025_2_HS1_HAW_1  User Experience Design Project","Classes","Tue","2:30pm","4:30pm","2:00","","EW301","10-22​"
"​MGT10009_1_HS1_HAW_1/CL1/12","MGT10009_1_HS1_HAW_1  Contemporary Management Principles","Classes","Tue","2:30pm","4:30pm","2:00","","EN515","10-22​"
"​EDU20014_1_HS1_HAW_1/CL1/02","EDU20014_1_HS1_HAW_1  Social and Emotional Learning","Classes","Tue","2:30pm","5:30pm","3:00","HARTUNG Catherine","EW303","10-16,21‑22​"
"​PHY20004_2_HS1_HAW_1/LE1/01","PHY20004_2_HS1_HAW_1  Optics, Relativity and Subatomic Physics","Lectures","Tue","3:30pm","4:30pm","1:00","DAVIS JeffreyBROWN Jeremy","EN615","10-22​"
"​SWE30011_1_HS1_HAW_1/LE1/01","SWE30011_1_HS1_HAW_1  IoT Programming","Lectures","Tue","4:30pm","5:30pm","1:00","","EN715","10-22​"
"​ACC30010_1_HS1_HAW_1/CL1/01","ACC30010_1_HS1_HAW_1  Auditing","Classes","Tue","4:30pm","6:30pm","2:00","MUIR Janine","EW302","10-22​"
"​BIO80001_1_HS1_HAW_1/LE1/01","BIO80001_1_HS1_HAW_1  Advanced Topics in Biotechnology","Lectures","Tue","4:30pm","6:30pm","2:00","CROMER Brett","EN515","10-22​"
"​CYB80003_3_HS1_HAW_1/LE1/01","CYB80003_3_HS1_HAW_1  Offensive Security Engineering","Lectures","Tue","4:30pm","6:30pm","2:00","","EN413","10-22​"
"​EDU30015_1_HS1_HAW_1/SE1/01","EDU30015_1_HS1_HAW_1  Curriculum and Pedagogy for Primary: Practicum 3P","Seminars","Tue","4:30pm","7:30pm","3:00","PUDDY Gemma","EW301","10-16,21‑22​"
"​DDD60030_2_HS1_HAW_1/ST2/01","DDD60030_2_HS1_HAW_1  DFM: Design Innovation and Disruption","Studios","Tue","5:30pm","8:30pm","3:00","","FS103","10-22​"
"​ICT80004_1_HS1_HAW_1/LE1/01","ICT80004_1_HS1_HAW_1  Internship Project","Lectures","Tue","6:30pm","8:30pm","2:00","ZAFERANLOO Bita","EN413","10-22​"
"​CHE30005_1_HS1_HAW_1/LE1/01","CHE30005_1_HS1_HAW_1  Advanced Analytical Chemistry","Lectures","Wed","8:30am","10:30am","2:00","WANG FengMAHON PeterKINGSHOTT Peter","EN715","10-22​"
"​EDU10004_1_HS1_HAW_1/CL1/01","EDU10004_1_HS1_HAW_1  Theories of Teaching and Learning","Classes","Wed","8:30am","10:30am","2:00","VAUSE Kimberly","EW302","10-22​"
"​ICT80011_1_HS1_HAW_1/LE2/01","ICT80011_1_HS1_HAW_1  Research Methods","Lectures","Wed","8:30am","10:30am","2:00","YANG Yun","EN413","10,13,16​"
"​DDD30015_3_HS1_HAW_1/ST1/02","DDD30015_3_HS1_HAW_1  Visual Storytelling","Studios","Wed","8:30am","11:30am","3:00","LUNNIE Paul","IS105/IS106","10-22​"
"​0RB_031220250030C2E66","","Booking_Accepted","Wed","8:30am","3:30pm","7:00","","EW303","10​"
"​0BStudySpace_1_NTP_SUT_1/SS1/03","0BStudySpace_1_NTP_SUT_1  Timetable Student Study Space Block","Study Space","Wed","8:30am","10:30pm","14:00","","GS217","10-22​"
"​AVA30005_1_HS1_HAW_1/LE1/01","AVA30005_1_HS1_HAW_1  Advanced Aviation Analytics and Research Skills","Lectures","Wed","9:30am","11:30am","2:00","CHEUNG Tommy","EN515","10-22​"
"​DID10001_2_HS1_HAW_1/ST1/03","DID10001_2_HS1_HAW_1  Product Visualisation 1: Hand Sketching","Studios","Wed","9:30am","12:30pm","3:00","KUYS Jung-Ok","EW301","10-22​"
"​INV30001_1_HS1_HAW_1/ST1/01","INV30001_1_HS1_HAW_1  Applied Innovation Studio A","Studios","Wed","9:30am","12:30pm","3:00","","FS103","10-22​"
"​PSY20011_1_HS1_HAW_1/LE1/01","PSY20011_1_HS1_HAW_1  Human Factors Psychology","Lectures","Wed","10:30am","11:30am","1:00","","EN413","10-22​"
"​EDU10026_1_HS1_HAW_1/CL1/01","EDU10026_1_HS1_HAW_1  Introduction to Academic Language, Literacy and Numeracy in Education","Classes","Wed","10:30am","12:30pm","2:00","KEWANIAN Alina","EW302","10-22​"
"​ADM80001_1_HS1_HAW_1/TU1/01","ADM80001_1_HS1_HAW_1  Nanofabrication Technologies","Tutorials","Wed","11:30am","12:30pm","1:00","BODEN Andrew","EN413","10-22​"
"​COS60008_1_HS1_HAW_1/LE1/01","COS60008_1_HS1_HAW_1  Introduction to Data Science","Lectures","Wed","11:30am","12:30pm","1:00","","EN615","10-22​"
"​0RB_121220250045C84EB","","Booking_Accepted","Wed","11:30am","2:30pm","3:00","","EN515","10​"
"​DDD30015_3_HS1_HAW_1/ST1/01","DDD30015_3_HS1_HAW_1  Visual Storytelling","Studios","Wed","11:30am","2:30pm","3:00","SORDI CAMPOS BAKER Maria","IS105/IS106","10-22​"
"​0RB_03122025003735BFF","","Booking_Accepted","Wed","12:30pm","2:30pm","2:00","","EW301EW302AGSE109AGSE107AGSE108","10​"
"​CHE20006_1_HS1_HAW_1/LE1/01","CHE20006_1_HS1_HAW_1  Analytical and Forensic Chemistry","JTA Co-Code","Wed","12:30pm","2:30pm","2:00","","EN715","10-22​"
"​CHE60001_1_HS1_HAW_1/LE1/01","CHE60001_1_HS1_HAW_1  Forensic and Analytical Science","JTA Co-Code","Wed","12:30pm","2:30pm","2:00","","EN715","10-22​"
"​MTH00007_1_HS1_HAW_1/LE1/01","MTH00007_1_HS1_HAW_1  Preliminary Mathematics","Streamed","Wed","12:30pm","2:30pm","2:00","","EN615","10-22​"
"​INV30002_1_HS1_HAW_1/ST1/01","INV30002_1_HS1_HAW_1  Applied Innovation Studio B","Studios","Wed","1:30pm","4:30pm","3:00","","FS103","10-22​"
"​ACC10007_1_HS1_HAW_1/CL1/10","ACC10007_1_HS1_HAW_1  Financial Information for Decision Making","Classes","Wed","2:30pm","4:30pm","2:00","WEBSTER John","EN715","10-22​"
"​FIN20014_1_HS1_HAW_1/CL1/04","FIN20014_1_HS1_HAW_1  Financial Management","Classes","Wed","2:30pm","4:30pm","2:00","AHMMOD S M Miraj","EN515","10-22​"
"​MTH10010_1_HS1_HAW_1/LE2/01","MTH10010_1_HS1_HAW_1  Essential Mathematics","Lectures","Wed","2:30pm","4:30pm","2:00","","EN413","10-15,19‑22​"
"​EDU20001_1_HS1_HAW_1/CL1/01","EDU20001_1_HS1_HAW_1  Developing Literacy","Classes","Wed","2:30pm","5:30pm","3:00","KEWANIAN Alina","EW302","10-16,21‑22​"
"​ACC10007_1_HS1_HAW_1/CL1/09","ACC10007_1_HS1_HAW_1  Financial Information for Decision Making","Classes","Wed","4:30pm","6:30pm","2:00","WEBSTER John","EN715","10-22​"
"​CYB70006_1_HS1_HAW_1/LE1/01","CYB70006_1_HS1_HAW_1  Advanced Threats in AI and Data Security","Lectures","Wed","4:30pm","6:30pm","2:00","","EN413","10-22​"
"​AER20003_2_HS1_HAW_1/WK1/01","AER20003_2_HS1_HAW_1  Design and Entrepreneurship for the Space Industry","Workshops","Wed","4:30pm","7:30pm","3:00","","FS103","10-22​"
"​AVA20005_1_HS1_HAW_1/LE1/01","AVA20005_1_HS1_HAW_1  Aircraft Structures","Lectures","Wed","6:30pm","9:30pm","3:00","","EN515","10-22​"
"​ACC10007_1_HS1_HAW_1/CL1/03","ACC10007_1_HS1_HAW_1  Financial Information for Decision Making","Classes","Thu","8:30am","10:30am","2:00","WEBSTER John","EN413","10-22​"
"​DDD30046_1_HS1_HAW_1/CL1/01","DDD30046_1_HS1_HAW_1  Commercial Photography on Location","Classes","Thu","8:30am","11:30am","3:00","BETTS Philip","IS105/IS106","10-22​"
"​EDU30003_3_HS1_HAW_1/CL1/01","EDU30003_3_HS1_HAW_1  Curriculum, Planning and Assessment for Infants: Practicum 3E","JTA Co-Code","Thu","8:30am","11:30am","3:00","TOPOLANSKY Beverley","EW303","10-16,21‑22​"
"​EDU30027_1_HS1_HAW_1/CL1/01","EDU30027_1_HS1_HAW_1  Planning, Teaching and Learning for Infants: Practicum 3E","JTA Co-Code","Thu","8:30am","11:30am","3:00","TOPOLANSKY Beverley","EW303","10-16,21‑22​"
"​EDU40001_1_HS1_HAW_1/CL1/01","EDU40001_1_HS1_HAW_1  The Healthy and Active Child","Classes","Thu","8:30am","11:30am","3:00","","EW302","10-16,21‑22​"
"​0RB_041220250011EC5A8","","Booking_Accepted","Thu","8:30am","12:30pm","4:00","","BA802/BA803EN405EW301","10​"
"​0BStudySpace_1_NTP_SUT_1/SS1/04","0BStudySpace_1_NTP_SUT_1  Timetable Student Study Space Block","Study Space","Thu","8:30am","10:30pm","14:00","","GS217","10-22​"
"​INV10002_1_HS1_HAW_1/ST1/01","INV10002_1_HS1_HAW_1  Fundamentals of Innovation Practice","Studios","Thu","9:30am","12:30pm","3:00","","FS103","10-22​"
"​ACC10007_1_HS1_HAW_1/CL1/02","ACC10007_1_HS1_HAW_1  Financial Information for Decision Making","Classes","Thu","10:30am","12:30pm","2:00","WEBSTER John","EN413","10-22​"
"​MTH20010_3_HS1_HAW_1/LE2/01","MTH20010_3_HS1_HAW_1  Statistics and Computation for Engineering","Streamed","Thu","11:30am","12:30pm","1:00","","EN715","10-22​"
"​TNE30023_1_HS1_HAW_1/LE1/01","TNE30023_1_HS1_HAW_1  Advanced Switching","JTA Co-Code","Thu","11:30am","12:30pm","1:00","KLIMOVSKI Dragan","EN615","10-21​"
"​TNE80010_1_HS1_HAW_1/LE1/01","TNE80010_1_HS1_HAW_1  Advanced Switching","JTA Co-Code","Thu","11:30am","12:30pm","1:00","KLIMOVSKI Dragan","EN615","10-21​"
"​DDD30046_1_HS1_HAW_1/CL1/02","DDD30046_1_HS1_HAW_1  Commercial Photography on Location","Classes","Thu","11:30am","2:30pm","3:00","BETTS Philip","IS105/IS106","10-22​"
"​EDU10001_2_HS1_HAW_1/CL1/01","EDU10001_2_HS1_HAW_1  Introduction to Curriculum Planning and Assessment: Practicum 1","Classes","Thu","11:30am","2:30pm","3:00","GAMAGE Erin","EW302","10-16,21‑22​"
"​ACC10007_1_HS1_HAW_1/CL1/14","ACC10007_1_HS1_HAW_1  Financial Information for Decision Making","Classes","Thu","12:30pm","2:30pm","2:00","WEBSTER John","EN515","10-22​"
"​MTH20014_2_HS1_HAW_1/LE2/01","MTH20014_2_HS1_HAW_1  Matrices, Vector Calculus and Complex Analysis","Lectures","Thu","12:30pm","2:30pm","2:00","SUSLOV Sergey","EN715","10-22​"
"​DDD80029_1_HS1_HAW_1/ST1/01","DDD80029_1_HS1_HAW_1  DFM: Strategic Design and Transformation","Studios","Thu","1:30pm","4:30pm","3:00","","FS103","10-22​"
"​EDU30014_1_HS1_HAW_1/CL1/01","EDU30014_1_HS1_HAW_1  Health and Physical Education","Classes","Thu","1:30pm","4:30pm","3:00","PUDDY Gemma","EW301","10-16,21‑22​"
"​EDU30062_1_HS1_HAW_1/CL1/01","EDU30062_1_HS1_HAW_1  Educational Leadership, Management and Program Assessment","Classes","Thu","1:30pm","4:30pm","3:00","DEVI Anamika","EW303","10-16,21‑22​"
"​MEE20001_2_HS1_HAW_1/LE2/01","MEE20001_2_HS1_HAW_1  Thermodynamics","Lectures","Thu","2:30pm","3:30pm","1:00","HUDA Durul","EN615","10-12,19‑21​"
"​ECO10005_1_HS1_HAW_1/CL1/09","ECO10005_1_HS1_HAW_1  Economics for Business Decision Making","Classes","Thu","2:30pm","4:30pm","2:00","VALADKHANI Abbas","EN715","10-22​"
"​MGT10009_1_HS1_HAW_1/CL1/09","MGT10009_1_HS1_HAW_1  Contemporary Management Principles","Classes","Thu","2:30pm","4:30pm","2:00","","EN413","10-22​"
"​PHY10002_2_HS1_HAW_1/CL1/02","PHY10002_2_HS1_HAW_1  Introduction to Physics","Classes","Thu","2:30pm","4:30pm","2:00","JOSE Smitha","EW302","10-22​"
"​ECO10005_1_HS1_HAW_1/LE1/02","ECO10005_1_HS1_HAW_1  Economics for Business Decision Making","Lectures","Thu","4:30pm","5:30pm","1:00","VALADKHANI Abbas","EN413","10​"
"​AVA10013_1_HS1_HAW_1/LE1/01","AVA10013_1_HS1_HAW_1  Aircraft Flight Operations for Managers","Lectures","Thu","4:30pm","6:30pm","2:00","KUOK U Kei","EN515","10-22​"
"​CVE80021_1_HS1_HAW_1/CL1/01","CVE80021_1_HS1_HAW_1  Building Design Project","Classes","Thu","4:30pm","6:30pm","2:00","","EW302","10-22​"
"​EDU30014_1_HS1_HAW_1/CL1/02","EDU30014_1_HS1_HAW_1  Health and Physical Education","Classes","Thu","4:30pm","7:30pm","3:00","PUDDY Gemma","EW301","10-16,21‑22​"
"​EDU40010_2_HS1_HAW_1/CL1/01","EDU40010_2_HS1_HAW_1  Assessment for Primary School","Classes","Thu","4:30pm","7:30pm","3:00","NEW Robert Stephen","EW303","10-16,21‑22​"
"​PSC80015_1_HS1_HAW_1/CL1/01","PSC80015_1_HS1_HAW_1  Systemic Approaches to Attachment and Development","Classes","Thu","5:30pm","8:30pm","3:00","MILLER Suzannah","EN413","10-22​"
"​MGT10009_1_HS1_HAW_1/CL1/05","MGT10009_1_HS1_HAW_1  Contemporary Management Principles","Classes","Fri","8:30am","10:30am","2:00","","EN715","10-22​"
"​DDD20009_3_HS1_HAW_1/ST1/03","DDD20009_3_HS1_HAW_1  Photography and Art Direction","Studios","Fri","8:30am","11:30am","3:00","LUNNIE Paul","IS105/IS106","10-22​"
"​EDU30001_1_HS1_HAW_1/CL1/01","EDU30001_1_HS1_HAW_1  Imagining the World Through Language and Literature","Classes","Fri","8:30am","11:30am","3:00","BENSON Ruth","EW303","10-16,21‑22​"
"​0BStudySpace_1_NTP_SUT_1/SS1/05","0BStudySpace_1_NTP_SUT_1  Timetable Student Study Space Block","Study Space","Fri","8:30am","10:30pm","14:00","","GS217","10-22​"
"​DDD60030_2_HS1_HAW_1/ST1/02","DDD60030_2_HS1_HAW_1  DFM: Design Innovation and Disruption","JTA Co-Code","Fri","9:30am","12:30pm","3:00","","FS103","10-22​"
"​DDD80012_3_HS1_HAW_1/ST1/02","DDD80012_3_HS1_HAW_1  DFM Toolbox: Innovation and Interdisciplinary Collaboration 1","JTA Co-Code","Fri","9:30am","12:30pm","3:00","","FS103","10-22​"
"​MGT10009_1_HS1_HAW_1/CL1/04","MGT10009_1_HS1_HAW_1  Contemporary Management Principles","Classes","Fri","10:30am","12:30pm","2:00","","EN715","10-22​"
"​MTH00007_1_HS1_HAW_1/LE2/01","MTH00007_1_HS1_HAW_1  Preliminary Mathematics","Streamed","Fri","10:30am","12:30pm","2:00","","EN615","10-22​"
"​MTH00007_1_HS1_HAW_1/LE2/02","MTH00007_1_HS1_HAW_1  Preliminary Mathematics","Streamed","Fri","10:30am","12:30pm","2:00","","EN413","10-22​"
"​DDD20009_3_HS1_HAW_1/ST1/04","DDD20009_3_HS1_HAW_1  Photography and Art Direction","Studios","Fri","11:30am","2:30pm","3:00","WIILIAMS Michelle","IS105/IS106","10-22​"
"​EDU30005_1_HS1_HAW_1/CL1/01","EDU30005_1_HS1_HAW_1  Understanding and Supporting Inclusion","Classes","Fri","11:30am","2:30pm","3:00","KEWALRAMANI Sarika","EW303","10-16,21‑22​"
"​EDU40022_1_HS1_HAW_1/CL1/01","EDU40022_1_HS1_HAW_1  Innovation for Education","Classes","Fri","11:30am","2:30pm","3:00","DAVIS Melinda","EW301","10-16,21‑22​"
"​DIG30001_3_HS1_HAW_1/CL1/01","DIG30001_3_HS1_HAW_1  Digital Marketing Project 1","Classes","Fri","12:30pm","2:30pm","2:00","YAHYA AlfandiPANTALEO Giuseppe","EN413","10-22​"
"​MGT10009_1_HS1_HAW_1/CL1/03","MGT10009_1_HS1_HAW_1  Contemporary Management Principles","Classes","Fri","12:30pm","2:30pm","2:00","","EN715","10-22​"
"​EDU30009_1_HS1_HAW_1/CL1/01","EDU30009_1_HS1_HAW_1  Mathematics in the Primary Classroom","Classes","Fri","12:30pm","3:30pm","3:00","CUTRI Jennifer","EW302","10-16,21‑22​"
"​DDD60030_2_HS1_HAW_1/ST1/03","DDD60030_2_HS1_HAW_1  DFM: Design Innovation and Disruption","JTA Co-Code","Fri","1:30pm","4:30pm","3:00","","FS103","10-22​"
"​DDD80012_3_HS1_HAW_1/ST1/03","DDD80012_3_HS1_HAW_1  DFM Toolbox: Innovation and Interdisciplinary Collaboration 1","JTA Co-Code","Fri","1:30pm","4:30pm","3:00","","FS103","10-22​"
"​ARC20001_2_HS1_HAW_1/ST2/01","ARC20001_2_HS1_HAW_1  Architectural Design Studio 2 (Socio-economic Contexts)","Streamed","Fri","2:30pm","5:30pm","3:00","","EW301","10-22​"
"​EDU20002_1_HS1_HAW_1/CL1/02","EDU20002_1_HS1_HAW_1  Mathematics in Practice","Classes","Fri","3:30pm","6:30pm","3:00","CUTRI Jennifer","EW303","10-16,21‑22​"
"​CSM80012_1_HS1_HAW_1/LE1/01","CSM80012_1_HS1_HAW_1  Documentation and Information Management with BIM","Lectures","Fri","4:30pm","5:30pm","1:00","ALAM MD Morshed","EN715","10-22​"
"​0RB_101220250003CACD9","","Booking_Accepted","Thu","12:30pm","2:30pm","2:00","","EN615","11​"
"​0RB_11122025042461744","","Booking_Accepted","Fri","9:30am","11:30am","2:00","","EN515","13​"
"​0BClasses_1_MISC_NTP_SUT_1/MI1/101","0BClasses_1_NTP_SUT_1  Classes","Non-registered Classes","Wed","12:30pm","1:30pm","1:00","","EW301EW302","14-19​"
"​0RB_021220252308E0F67","","Booking_Accepted","Tue","10:30am","12:30pm","2:00","","EN715","15​"
"​EDU60052_1_HSB2_HAW_1/CL1/01","EDU60052_1_HSB2_HAW_1  Child Growth, Health and Wellbeing","Classes","Mon","8:30am","12:30pm","4:00","","EW301","16-21​"
"​EDU60052_1_HSB2_HAW_1/CL1/02","EDU60052_1_HSB2_HAW_1  Child Growth, Health and Wellbeing","Classes","Mon","12:30pm","4:30pm","4:00","","EW301","16-21​"
"​EDU60053_1_HSB2_HAW_1/CL1/03","EDU60053_1_HSB2_HAW_1  Child Play with Literacy and Creative Pedagogy","Classes","Wed","10:30am","2:30pm","4:00","","EW303","16-21​"
"​EDU60053_1_HSB2_HAW_1/CL1/04","EDU60053_1_HSB2_HAW_1  Child Play with Literacy and Creative Pedagogy","Classes","Thu","8:30am","12:30pm","4:00","","EW301","16-21​"
"​EDU60054_1_HSB2_HAW_1/CL1/02","EDU60054_1_HSB2_HAW_1  Child Play with Science, Technology, Engineering and Mathematics","Classes","Fri","8:30am","12:30pm","4:00","","EW302","16-21​"
"​0RB_031220250054EB6DB","","Booking_Accepted","Thu","8:30am","2:30pm","6:00","","EW302AGSE108","17​"
"​COS10009_1_HS1_HAW_1/CL2/02","COS10009_1_HS1_HAW_1  Introduction to Programming","Classes","Mon","4:30pm","6:30pm","2:00","","EN715","18,21-22​"
"​0RB_12122025052785F76","","Booking_Accepted","Wed","11:30am","1:30pm","2:00","","EN515","18​"
"​COS10009_1_HS1_HAW_1/CL2/10","COS10009_1_HS1_HAW_1  Introduction to Programming","Classes","Wed","12:30pm","2:30pm","2:00","","EN413","18,21-22​"
"​COS10009_1_HS1_HAW_1/CL2/04","COS10009_1_HS1_HAW_1  Introduction to Programming","Classes","Thu","8:30am","10:30am","2:00","","EN615","18,21-22​"
"​CVE40001_1_HS1_HAW_1/LE1/01","CVE40001_1_HS1_HAW_1  Geotechnical Engineering","Lectures","Mon","4:30pm","6:30pm","2:00","EVANS Robert","EN413","21-22​"
"​BUS30032_1_HS1_HAW_1/WK1/01","BUS30032_1_HS1_HAW_1  Business Consulting Project","Streamed","Wed","8:30am","11:30am","3:00","","EN615","22​"
"​BUS30032_1_HS1_HAW_1/WK1/04","BUS30032_1_HS1_HAW_1  Business Consulting Project","Streamed","Wed","11:30am","2:30pm","3:00","","EN515","22​"
"​BUS30032_1_HS1_HAW_1/WK1/05","BUS30032_1_HS1_HAW_1  Business Consulting Project","Streamed","Thu","8:30am","11:30am","3:00","","EN515","22​"
"​BUS30032_1_HS1_HAW_1/WK1/06","BUS30032_1_HS1_HAW_1  Business Consulting Project","Streamed","Fri","2:30pm","5:30pm","3:00","","EN413","22​"
"​0BExams_1_NTP_SUT_1/EX1/02","0BExams_1_NTP_SUT_1  Exam","Exams","Mon","8:30am","10:30pm","14:00","","EN Level 2 FoyerEN Level 3 FoyerEN201EN202EN203EN204EN205EN303EN304EN307EN308EW301EW302EW303","23-25​"
"​0BExams_1_NTP_SUT_1/EX1/02","0BExams_1_NTP_SUT_1  Exam","Exams","Tue","8:30am","10:30pm","14:00","","EN Level 2 FoyerEN Level 3 FoyerEN201EN202EN203EN204EN205EN303EN304EN307EN308EW301EW302EW303","23-25​"
"​0BExams_1_NTP_SUT_1/EX1/02","0BExams_1_NTP_SUT_1  Exam","Exams","Wed","8:30am","10:30pm","14:00","","EN Level 2 FoyerEN Level 3 FoyerEN201EN202EN203EN204EN205EN303EN304EN307EN308EW301EW302EW303","23-25​"
"​0BExams_1_NTP_SUT_1/EX1/02","0BExams_1_NTP_SUT_1  Exam","Exams","Thu","8:30am","10:30pm","14:00","","EN Level 2 FoyerEN Level 3 FoyerEN201EN202EN203EN204EN205EN303EN304EN307EN308EW301EW302EW303","23-25​"
"​0RB_0912202523499FBA1","","Booking_Accepted","Thu","12:30pm","3:30pm","3:00","","EN715","23​"
"​0BExams_1_NTP_SUT_1/EX1/02","0BExams_1_NTP_SUT_1  Exam","Exams","Fri","8:30am","10:30pm","14:00","","EN Level 2 FoyerEN Level 3 FoyerEN201EN202EN203EN204EN205EN303EN304EN307EN308EW301EW302EW303","23-25​"
"​0BExams_1_NTP_SUT_1/EX1/02","0BExams_1_NTP_SUT_1  Exam","Exams","Sat","8:30am","10:30pm","14:00","","EN Level 2 FoyerEN Level 3 FoyerEN201EN202EN203EN204EN205EN303EN304EN307EN308EW301EW302EW303","23-25​"
"​0BExams_1_NTP_SUT_1/EX1/02","0BExams_1_NTP_SUT_1  Exam","Exams","Sun","8:30am","10:30pm","14:00","","EN Level 2 FoyerEN Level 3 FoyerEN201EN202EN203EN204EN205EN303EN304EN307EN308EW301EW302EW303","23-25​"
"​0RB_10122025000638C95","","Booking_Accepted","Wed","8:30am","12:30pm","4:00","","EN615","25​"
"​0RB_0312202503572A473","","Booking_Accepted","Fri","8:30am","3:30pm","7:00","","EN413","25​"
"​OCC60005_1_WIN_HAW_1/CL1/01","OCC60005_1_WIN_HAW_1  An Occupational Perspective of Health","Classes","Mon","9:30am","11:00am","1:30","","EN715","26​"
"​DDD20009_3_WIN_HAW_1/ST1/01","DDD20009_3_WIN_HAW_1  Photography and Art Direction","Studios","Mon","9:30am","12:30pm","3:00","LUNNIE Paul","IS105/IS106","26-31​"
"​INV10003_1_WIN_HAW_1/ST1/01","INV10003_1_WIN_HAW_1  Innovation Sandpit","Studios","Mon","9:30am","12:30pm","3:00","","FS103","26-28,30​"
"​MDA10003_1_WIN_HAW_1/CL2/01","MDA10003_1_WIN_HAW_1  Screen Studies: Movies, Television and Ourselves","Classes","Mon","9:30am","12:30pm","3:00","","EN515","26-31​"
"​DCO10004_3_WIN_HAW_1/ST1/01","DCO10004_3_WIN_HAW_1  Photography for Design","Streamed","Mon","12:30pm","3:30pm","3:00","LUNNIE Paul","IS105/IS106","26-31​"
"​INV10003_1_WIN_HAW_1/ST2/01","INV10003_1_WIN_HAW_1  Innovation Sandpit","Studios","Mon","1:30pm","4:30pm","3:00","","FS103","26-28,30​"
"​AVF10001_1_WIN_HAW_1/CL1/01","AVF10001_1_WIN_HAW_1  Remote Pilot Licence Theory and Practicum (Multi-rotor drones up to 25kg)","Classes","Mon","4:30pm","7:30pm","3:00","","EN515","26,29​"
"​INV10001_2_WIN_HAW_1/ST1/02","INV10001_2_WIN_HAW_1  Exploring Creativity and Innovation","Streamed","Tue","9:30am","12:30pm","3:00","DOWN Aaron","FS103","26-28​"
"​INV10001_2_WIN_HAW_1/ST2/02","INV10001_2_WIN_HAW_1  Exploring Creativity and Innovation","Streamed","Tue","1:30pm","3:30pm","2:00","","FS103","26-28​"
"​INV30003_1_WIN_HAW_1/ST1/01","INV30003_1_WIN_HAW_1  Leadership and Facilitation of Innovation","Studios","Tue","3:30pm","6:30pm","3:00","","FS103","26-31​"
"​INV10001_2_WIN_HAW_1/ST1/01","INV10001_2_WIN_HAW_1  Exploring Creativity and Innovation","Streamed","Wed","9:30am","12:30pm","3:00","DOWN Aaron","FS103","26-28​"
"​MDA10003_1_WIN_HAW_1/CL3/01","MDA10003_1_WIN_HAW_1  Screen Studies: Movies, Television and Ourselves","Classes","Wed","9:30am","12:30pm","3:00","","EN515","26-31​"
"​INV10001_2_WIN_HAW_1/ST2/01","INV10001_2_WIN_HAW_1  Exploring Creativity and Innovation","Streamed","Wed","1:30pm","3:30pm","2:00","DOWN Aaron","FS103","26-28​"
"​0RB_0212202523569F3A7","","Booking_Accepted","Thu","8:30am","4:30pm","8:00","","TD306EW301EW302EW303SPW112SPW111","26​"
"​DDD20009_3_WIN_HAW_1/ST2/01","DDD20009_3_WIN_HAW_1  Photography and Art Direction","Studios","Thu","9:30am","12:30pm","3:00","WIILIAMS Michelle","IS105/IS106","26-31​"
"​DCO10004_3_WIN_HAW_1/ST2/01","DCO10004_3_WIN_HAW_1  Photography for Design","Streamed","Thu","12:30pm","3:30pm","3:00","LUNNIE Paul","IS105/IS106","26-31​"
"​INV30003_1_WIN_HAW_1/ST2/01","INV30003_1_WIN_HAW_1  Leadership and Facilitation of Innovation","Studios","Fri","9:30am","12:30pm","3:00","","FS103","26-31​"
"​INV10003_1_WIN_HAW_1/ST3/01","INV10003_1_WIN_HAW_1  Innovation Sandpit","Studios","Thu","9:30am","12:30pm","3:00","","FS103","27-30​"
"​0BExams_1_NTP_SUT_1/EX1/12","0BExams_1_NTP_SUT_1  Exam","Exams","Mon","8:30am","10:30pm","14:00","","ATC328ATC329ATC625ATC626EN201EN202EN203EN204EN205EN214EN303EN304EN307EN308EW301EW302EW303","29​"
"​0BExams_1_NTP_SUT_1/EX1/12","0BExams_1_NTP_SUT_1  Exam","Exams","Tue","8:30am","10:30pm","14:00","","ATC328ATC329ATC625ATC626EN201EN202EN203EN204EN205EN214EN303EN304EN307EN308EW301EW302EW303","29​"
"​0BExams_1_NTP_SUT_1/EX1/12","0BExams_1_NTP_SUT_1  Exam","Exams","Wed","8:30am","10:30pm","14:00","","ATC328ATC329ATC625ATC626EN201EN202EN203EN204EN205EN214EN303EN304EN307EN308EW301EW302EW303","29​"
"​0BExams_1_NTP_SUT_1/EX1/12","0BExams_1_NTP_SUT_1  Exam","Exams","Thu","8:30am","10:30pm","14:00","","ATC328ATC329ATC625ATC626EN201EN202EN203EN204EN205EN214EN303EN304EN307EN308EW301EW302EW303","29​"
"​0BExams_1_NTP_SUT_1/EX1/12","0BExams_1_NTP_SUT_1  Exam","Exams","Fri","8:30am","10:30pm","14:00","","ATC328ATC329ATC625ATC626EN201EN202EN203EN204EN205EN214EN303EN304EN307EN308EW301EW302EW303","29​"
"​0BExams_1_NTP_SUT_1/EX1/12","0BExams_1_NTP_SUT_1  Exam","Exams","Sat","8:30am","10:30pm","14:00","","ATC328ATC329ATC625ATC626EN201EN202EN203EN204EN205EN214EN303EN304EN307EN308EW301EW302EW303","29​"
"​0BExams_1_NTP_SUT_1/EX1/12","0BExams_1_NTP_SUT_1  Exam","Exams","Sun","8:30am","10:30pm","14:00","","ATC328ATC329ATC625ATC626EN201EN202EN203EN204EN205EN214EN303EN304EN307EN308EW301EW302EW303","29​"
"​0RB_09122025235483545","","Booking_Accepted","Tue","12:30pm","3:30pm","3:00","","EN715","30​"
"​0RB_031220250003D7C53","","Booking_Accepted","Thu","8:30am","10:30pm","14:00","","AGSE202AMDC301BA201BA302BA403EN102EN313EN413EN515EN615EN715TD121TD144","30​"
"​0RB_0312202504316BE36","","Booking_Accepted","Thu","8:30am","10:30pm","14:00","","EN212GS217","30​"
"​0RB_031220250003D7C53","","Booking_Accepted","Fri","8:30am","10:30pm","14:00","","AGSE202AMDC301BA201BA302BA403EN102EN313EN413EN515EN615EN715TD121TD144","30​"
"​0RB_0312202504316BE36","","Booking_Accepted","Fri","8:30am","10:30pm","14:00","","EN212GS217","30​"
"​0RB_031220250003D7C53","","Booking_Accepted","Sat","8:30am","10:30pm","14:00","","AGSE202AMDC301BA201BA302BA403EN102EN313EN413EN515EN615EN715TD121TD144","30​"
"​0RB_0312202504316BE36","","Booking_Accepted","Sat","8:30am","10:30pm","14:00","","EN212GS217","30​"
"​0BEvent_1_NTP_SUT_1/EV1/93","0BEvent_1_NTP_SUT_1  Event","Events","Sun","8:30am","10:30pm","14:00","","EN FoyerEN101EN102EN103EN201EN202EN203EN204EN205EN207EN209EN210EN301EN302EN303EN304EN305EN307EN308EN313EN401EN405EN406EN409EN413EN515EN615EN715","30​"
"​0RB_0312202504316BE36","","Booking_Accepted","Sun","8:30am","10:30pm","14:00","","EN212GS217","30​"
"​0BEvent_1_NTP_SUT_1/EV1/60","0BEvent_1_NTP_SUT_1  Event","Events","Mon","8:30am","10:30pm","14:00","","EN FoyerEN102EN103EN201EN202EN203EN204EN205EN207EN209EN301EN302EN305EN313EN401EN409EN413EN615EN715","31​"
"​0BExams_1_NTP_SUT_1/EX1/20","0BExams_1_NTP_SUT_1  Exam","Exams","Mon","8:30am","10:30pm","14:00","","EN303EN304EN307EN308EW301EW302EW303","31​"
"​0BEvent_1_NTP_SUT_1/EV1/94","0BEvent_1_NTP_SUT_1  Event","Events","Tue","8:30am","10:30pm","14:00","","EN FoyerEN101EN102EN201EN202EN203EN204EN205EN207EN209EN301EN302EN305EN313EN401EN409EN413EN515EN615EN715","31​"
"​0BExams_1_NTP_SUT_1/EX1/20","0BExams_1_NTP_SUT_1  Exam","Exams","Tue","8:30am","10:30pm","14:00","","EN303EN304EN307EN308EW301EW302EW303","31​"
"​0BEvent_1_NTP_SUT_1/EV1/64","0BEvent_1_NTP_SUT_1  Event","Events","Wed","8:30am","10:30pm","14:00","","EN FoyerEN102EN103EN201EN202EN203EN204EN205EN209EN301EN302EN305EN313EN401EN409EN413EN615EN715","31​"
"​0BExams_1_NTP_SUT_1/EX1/20","0BExams_1_NTP_SUT_1  Exam","Exams","Wed","8:30am","10:30pm","14:00","","EN303EN304EN307EN308EW301EW302EW303","31​"
"​0BEvent_1_NTP_SUT_1/EV1/95","0BEvent_1_NTP_SUT_1  Event","Events","Thu","8:30am","10:30pm","14:00","","EN FoyerEN101EN102EN103EN201EN202EN203EN204EN205EN207EN209EN301EN302EN305EN313EN401EN409EN413EN515EN615EN715","31​"
"​0BExams_1_NTP_SUT_1/EX1/20","0BExams_1_NTP_SUT_1  Exam","Exams","Thu","8:30am","10:30pm","14:00","","EN303EN304EN307EN308EW301EW302EW303","31​"
"​0BEvent_1_NTP_SUT_1/EV1/65","0BEvent_1_NTP_SUT_1  Event","Events","Fri","8:30am","10:30pm","14:00","","EN FoyerEN101EN102EN103EN201EN202EN203EN204EN205EN209EN210EN301EN302EN305EN313EN401EN409EN413EN515EN615EN715","31​"
"​0BExams_1_NTP_SUT_1/EX1/20","0BExams_1_NTP_SUT_1  Exam","Exams","Fri","8:30am","10:30pm","14:00","","EN303EN304EN307EN308EW301EW302EW303","31​"
"​0BExams_1_NTP_SUT_1/EX1/20","0BExams_1_NTP_SUT_1  Exam","Exams","Sat","8:30am","10:30pm","14:00","","EN303EN304EN307EN308EW301EW302EW303","31​"
"​0BExams_1_NTP_SUT_1/EX1/20","0BExams_1_NTP_SUT_1  Exam","Exams","Sun","8:30am","10:30pm","14:00","","EN303EN304EN307EN308EW301EW302EW303","31​"
"​EEE40017_1_HS2_HAW_1/LE1/01","EEE40017_1_HS2_HAW_1  Machine Vision","Lectures","Mon","8:30am","10:30am","2:00","","EN413","32-37,39‑44​"
"​MTH20017_1_HS2_HAW_1/LE1/01","MTH20017_1_HS2_HAW_1  Mathematical Methods and Statistics for Engineering","Lectures","Mon","8:30am","10:30am","2:00","SUKHORUKOVA Nadezda","EN515","32-37,39‑44​"
"​DDD20009_3_HS2_HAW_1/ST1/01","DDD20009_3_HS2_HAW_1  Photography and Art Direction","Studios","Mon","8:30am","11:30am","3:00","WIILIAMS Michelle","IS105/IS106","32-37,39‑44​"
"​0BStudySpace_1_NTP_SUT_1/SS1/06","0BStudySpace_1_NTP_SUT_1  Timetable Student Study Space Block","Study Space","Mon","8:30am","10:30pm","14:00","","GS217","32-37,39‑44​"
"​ARC70002_1_HS2_HAW_1/CL1/01","ARC70002_1_HS2_HAW_1  Professional Practice Management","Seminars","Mon","9:30am","10:30am","1:00","TIGHE Noel","EW301","32-37,39‑44​"
"​HIS10006_1_HS2_HAW_1/LE1/01","HIS10006_1_HS2_HAW_1  Propaganda","Lectures","Mon","9:30am","10:30am","1:00","RYAN Kerry","EN715","32-37,39‑44​"
"​DDD70031_2_HS2_HAW_1/ST1/01","DDD70031_2_HS2_HAW_1  DFM: Designing Futures","JTA Co-Code","Mon","9:30am","12:30pm","3:00","","FS103","32-37,39‑44​"
"​DDD80013_3_HS2_HAW_1/ST1/03","DDD80013_3_HS2_HAW_1  DFM Practice: Innovation & Interdisciplinary Collaboration 2","JTA Co-Code","Mon","9:30am","12:30pm","3:00","","FS103","32-37,39‑44​"
"​HIS10005_2_HS2_HAW_1/LE1/01","HIS10005_2_HS2_HAW_1  Power and Protest: The History and Politics of Social Movements","Lectures","Mon","10:30am","11:30am","1:00","MAHAR Caitlin","EN515","32-37,39‑44​"
"​NPS10003_1_HS2_HAW_1/LE1/01","NPS10003_1_HS2_HAW_1  Sustainability Challenges in Science","Lectures","Mon","10:30am","11:30am","1:00","COOK Emily","EN413","32-37,39‑44​"
"​PHT60002_2_HS2_HAW_1/LE3/01","PHT60002_2_HS2_HAW_1  Foundations of Physiotherapy Practice","Lectures","Mon","10:30am","11:30am","1:00","","EN615","32​"
"​CSM30001_2_HS2_HAW_1/LE1/01","CSM30001_2_HS2_HAW_1  Construction Project Planning and Scheduling","Lectures","Mon","10:30am","12:30pm","2:00","","EN715","32-37,39‑44​"
"​INF20029_2_HS2_HAW_1/CL1/01","INF20029_2_HS2_HAW_1  Systems Analysis and Design","Classes","Mon","10:30am","12:30pm","2:00","LEE Maggie Chi Man","EW303","32-37,39‑44​"
"​MGT10009_1_HS2_HAW_1/CL1/04","MGT10009_1_HS2_HAW_1  Contemporary Management Principles","Classes","Mon","10:30am","12:30pm","2:00","","EW301","32-37,39‑44​"
"​HIS10003_1_HS2_HAW_1/LE1/01","HIS10003_1_HS2_HAW_1  Global History","Lectures","Mon","11:30am","12:30pm","1:00","VERACINI Lorenzo","EN515","32-37,39‑44​"
"​PSY30012_1_HS2_HAW_1/LE1/01","PSY30012_1_HS2_HAW_1  Psychology of Trauma","Lectures","Mon","11:30am","12:30pm","1:00","","EN413","32​"
"​DDD20009_3_HS2_HAW_1/ST1/02","DDD20009_3_HS2_HAW_1  Photography and Art Direction","Studios","Mon","11:30am","2:30pm","3:00","WIILIAMS Michelle","IS105/IS106","32-37,39‑44​"
"​EDU10005_1_HS2_HAW_1/CL1/02","EDU10005_1_HS2_HAW_1  Indigenous Education and Perspectives","Classes","Mon","11:30am","2:30pm","3:00","ROHDE Anne","EW302","32-36,39,43‑44​"
"​PHT60002_2_HS2_HAW_1/LE4/01","PHT60002_2_HS2_HAW_1  Foundations of Physiotherapy Practice","Lectures","Mon","12:30pm","1:30pm","1:00","","EN413","32​"
"​ACC10007_1_HS2_HAW_1/CL1/05","ACC10007_1_HS2_HAW_1  Financial Information for Decision Making","Classes","Mon","12:30pm","2:30pm","2:00","WEBSTER John","EW303","32-37,39‑44​"
"​MTH20010_3_HS2_HAW_1/LE1/01","MTH20010_3_HS2_HAW_1  Statistics and Computation for Engineering","Lectures","Mon","12:30pm","2:30pm","2:00","SUKHORUKOVA Nadezda","EN515","32-37,39‑44​"
"​AST10001_1_HS2_HAW_1/LE1/01","AST10001_1_HS2_HAW_1  Discovering the Universe","Lectures","Mon","1:30pm","2:30pm","1:00","TAYLOR Edward","EN715","32-37,39‑44​"
"​BUS10015_2_HS2_HAW_1/CL1/03","BUS10015_2_HS2_HAW_1  Creative Mindset and Entrepreneurship","Classes","Mon","1:30pm","3:30pm","2:00","","EW301","32-37,39‑44​"
"​DDD70031_2_HS2_HAW_1/ST1/03","DDD70031_2_HS2_HAW_1  DFM: Designing Futures","JTA Co-Code","Mon","1:30pm","4:30pm","3:00","","FS103","32-37,39‑44​"
"​DDD80013_3_HS2_HAW_1/ST1/02","DDD80013_3_HS2_HAW_1  DFM Practice: Innovation & Interdisciplinary Collaboration 2","JTA Co-Code","Mon","1:30pm","4:30pm","3:00","","FS103","32-37,39‑44​"
"​AVA20006_1_HS2_HAW_1/LE1/01","AVA20006_1_HS2_HAW_1  Aircraft Design and Operations","Lectures","Mon","2:30pm","4:30pm","2:00","","EN715","32-37,39‑44​"
"​MEE40010_1_HS2_HAW_1/LE1/01","MEE40010_1_HS2_HAW_1  Integrated Engineering Design Project","Lectures","Mon","2:30pm","4:30pm","2:00","","EN515","32-37,39‑44​"
"​EDU40008_1_HS2_HAW_1/CL1/01","EDU40008_1_HS2_HAW_1  Arts Education","Classes","Mon","2:30pm","5:30pm","3:00","DAVIS Melinda","EW302","32-36,39,43‑44​"
"​OCC60020_1_HT3_HAW_1/LE3/01","OCC60020_1_HT3_HAW_1  Enabling Participation: Musculoskeletal and Neurological 1","Lectures","Mon","3:30pm","4:30pm","1:00","","EN615","32-35,37​"
"​BIO10001_1_HS2_HAW_1/LE1/01","BIO10001_1_HS2_HAW_1  Concepts of Biology","Lectures","Mon","3:30pm","5:30pm","2:00","SUMER Huseyin","EN413","32-37,39‑44​"
"​ENG20010_1_HS2_HAW_1/LE1/01","ENG20010_1_HS2_HAW_1  Engineering Technology Design Project","Lectures","Mon","4:30pm","5:30pm","1:00","","EN515","32-37,39‑44​"
"​EDU30059_1_HS2_HAW_1/CL1/01","EDU30059_1_HS2_HAW_1  Teaching Technologies","Classes","Mon","5:30pm","8:30pm","3:00","NEW Robert Stephen","EW303","32-36,39,43‑44​"
"​ICT40005_1_HS2_HAW_1/LE1/01","ICT40005_1_HS2_HAW_1  Research Methods","JTA Co-Code","Mon","6:30pm","8:30pm","2:00","CHEN Tsong","EN413","32,35,37​"
"​ICT80011_1_HS2_HAW_1/LE1/01","ICT80011_1_HS2_HAW_1  Research Methods","JTA Co-Code","Mon","6:30pm","8:30pm","2:00","CHEN Tsong","EN413","32,35,37​"
"​INF30032_1_HS2_HAW_1/CL1/03","INF30032_1_HS2_HAW_1  Governing Digital Technologies","Classes","Tue","8:30am","10:30am","2:00","","EN615","32-37,39‑44​"
"​MEE80002_1_HS2_HAW_1/LE1/01","MEE80002_1_HS2_HAW_1  Sustainability and Life Cycle Engineering","Lectures","Tue","8:30am","10:30am","2:00","RHAMDHANI Muhammad","EN515","32-33,36,39‑40​"
"​MTH30001_1_HS2_HAW_1/LE1/01","MTH30001_1_HS2_HAW_1  Stochastic Modelling","Lectures","Tue","8:30am","10:30am","2:00","RICHARDS David","EN715","32-37,39‑44​"
"​DDD20004_2_HS2_HAW_1/ST1/01","DDD20004_2_HS2_HAW_1  Contemporary Design Issues","Studios","Tue","8:30am","11:30am","3:00","CAIONE Anna","EW303","32-37,39‑44​"
"​DDD30015_3_HS2_HAW_1/ST1/02","DDD30015_3_HS2_HAW_1  Visual Storytelling","Studios","Tue","8:30am","11:30am","3:00","SORDI CAMPOS BAKER Maria","IS105/IS106","32-37,39‑44​"
"​EDU20006_2_HS2_HAW_1/CL1/01","EDU20006_2_HS2_HAW_1  Curriculum, Planning and Assessment for Primary: Practicum 2","Classes","Tue","8:30am","11:30am","3:00","ROHDE Anne","EW301","32-36,39,43‑44​"
"​EDU40006_2_HS2_HAW_1/CL1/01","EDU40006_2_HS2_HAW_1  Ready to Teach Early Childhood: Practicum 5E","Classes","Tue","8:30am","11:30am","3:00","TOPOLANSKY Beverley","EW302","32-36,39,43‑44​"
"​0BStudySpace_1_NTP_SUT_1/SS1/07","0BStudySpace_1_NTP_SUT_1  Timetable Student Study Space Block","Study Space","Tue","8:30am","10:30pm","14:00","","GS217","32-37,39‑44​"
"​MDA10001_1_HS2_HAW_1/LE1/01","MDA10001_1_HS2_HAW_1  Introduction to Media Studies","Lectures","Tue","9:00am","10:30am","1:30","LYNCH Andrew","EN413","32-37,39‑44​"
"​DES20057_1_HS2_HAW_1/ST1/01","DES20057_1_HS2_HAW_1  Toolbox for Prototyping and Interdisciplinary Collaboration","Studios","Tue","9:30am","12:30pm","3:00","","FS103","32-37,39‑44​"
"​MEE20006_2_HS2_HAW_1/LE1/01","MEE20006_2_HS2_HAW_1  Engineering Dynamics","Lectures","Tue","10:30am","11:30am","1:00","","EN413","32-37,39‑44​"
"​PHY20008_2_HS2_HAW_1/LE1/01","PHY20008_2_HS2_HAW_1  Classical Mechanics and Electromagnetism","Lectures","Tue","10:30am","12:30pm","2:00","CHON JamesHICKS Damien","EN715","32-37,39‑44​"
"​MDA30011_2_HS2_HAW_1/CL2/01","MDA30011_2_HS2_HAW_1  Global Screen Studies: Beyond Hollywood","Classes","Tue","10:30am","1:30pm","3:00","ALBARRAN-TORRES Cesar","EN615","32-37,39‑44​"
"​RME40002_1_HS2_HAW_1/LE1/01","RME40002_1_HS2_HAW_1  Mechatronics Systems Design","Lectures","Tue","11:30am","12:30pm","1:00","ZHENG Jinchuan","EN413","32-37,39‑44​"
"​DDD30015_3_HS2_HAW_1/ST1/01","DDD30015_3_HS2_HAW_1  Visual Storytelling","Studios","Tue","11:30am","2:30pm","3:00","MAGEE Morganna","IS105/IS106","32-37,39‑44​"
"​EDU10027_1_HS2_HAW_1/CL1/02","EDU10027_1_HS2_HAW_1  Introduction to Curriculum Planning and Assessment for Primary: Practicum 1","Classes","Tue","11:30am","2:30pm","3:00","RICHARDS Gerarda","EW303","32-36,39,43‑44​"
"​EDU40004_1_HS2_HAW_1/CL1/01","EDU40004_1_HS2_HAW_1  Advocacy and Social Justice","Classes","Tue","11:30am","2:30pm","3:00","HARTUNG Catherine","EW302","32-36,39,43‑44​"
"​PSY20008_1_HS2_HAW_1/CL1/03","PSY20008_1_HS2_HAW_1  Psychology of Infancy and Early Childhood","Classes","Tue","11:30am","2:30pm","3:00","BUZWELL Simone","EW301","32-37,39‑44​"
"​COS70006_2_HS2_HAW_1/LE1/01","COS70006_2_HS2_HAW_1  Advanced Software Development","Lectures","Tue","12:30pm","1:30pm","1:00","LAI Wei","EN515","32-37,39‑44​"
"​MTH00007_1_HS2_HAW_1/LE1/01","MTH00007_1_HS2_HAW_1  Preliminary Mathematics","Streamed","Tue","12:30pm","2:30pm","2:00","HERNANDEZ MARTINEZ Paul","EN715","32-37,39‑44​"
"​MTH20016_1_HS2_HAW_1/LE1/01","MTH20016_1_HS2_HAW_1  Quantitative Prediction","Lectures","Tue","12:30pm","2:30pm","2:00","POTOTSKYY Andriy","EN413","32-37,39‑44​"
"​INV20001_1_HS2_HAW_1/ST1/01","INV20001_1_HS2_HAW_1  Innovation for Challenges of Today","Studios","Tue","12:30pm","3:30pm","3:00","","FS103","32-37,39‑44​"
"​ENG40008_1_HS2_HAW_1/SE1/01","ENG40008_1_HS2_HAW_1  Engineering Technology Project B","JTA Co-Code","Tue","2:30pm","3:30pm","1:00","","EN615","32-37,39‑44​"
"​ENG40010_1_HS2_HAW_1/SE1/01","ENG40010_1_HS2_HAW_1  Engineering Technology Project B (Eng/Bus)","JTA Co-Code","Tue","2:30pm","3:30pm","1:00","","EN615","32-37,39‑44​"
"​ACC10007_1_HS2_HAW_1/CL1/04","ACC10007_1_HS2_HAW_1  Financial Information for Decision Making","Classes","Tue","2:30pm","4:30pm","2:00","WEBSTER John","EN413","32-37,39‑44​"
"​EDU10026_1_HS2_HAW_1/CL1/01","EDU10026_1_HS2_HAW_1  Introduction to Academic Language, Literacy and Numeracy in Education","Classes","Tue","2:30pm","4:30pm","2:00","KEWANIAN Alina","EW303","32-37,39‑44​"
"​ENT10005_1_HS2_HAW_1/CL1/04","ENT10005_1_HS2_HAW_1  Ideas, Opportunities and Ventures","Classes","Tue","2:30pm","4:30pm","2:00","","EW302","32-37,39‑44​"
"​INF30032_1_HS2_HAW_1/CL1/02","INF30032_1_HS2_HAW_1  Governing Digital Technologies","Classes","Tue","2:30pm","4:30pm","2:00","SARGENT Jason","EN515","32-37,39‑44​"
"​DDD30015_3_HS2_HAW_1/ST1/03","DDD30015_3_HS2_HAW_1  Visual Storytelling","Studios","Tue","2:30pm","5:30pm","3:00","LUNNIE Paul","IS105/IS106","32-37,39‑44​"
"​PSY20008_1_HS2_HAW_1/CL1/04","PSY20008_1_HS2_HAW_1  Psychology of Infancy and Early Childhood","Classes","Tue","2:30pm","5:30pm","3:00","BLACKLOCK Charlotte","EW301","32-37,39‑44​"
"​MEE40001_2_HS2_HAW_1/LE2/01","MEE40001_2_HS2_HAW_1  Heat Transfer","Lectures","Tue","3:30pm","4:30pm","1:00","HUDA Durul","EN615","32-34,42‑44​"
"​DDD80031_1_HS2_HAW_1/ST1/01","DDD80031_1_HS2_HAW_1  DFM: Design Leadership and Facilitation","Studios","Tue","3:30pm","6:30pm","3:00","","FS103","32-37,39‑44​"
"​ADM80015_1_HS2_HAW_1/LE1/01","ADM80015_1_HS2_HAW_1  Computer Modelling, Analysis and Visualisation","Lectures","Tue","4:30pm","5:30pm","1:00","NIKZAD Mostafa","EN615","32-37,39‑44​"
"​GAM30003_1_HS2_HAW_1/LE1/01","GAM30003_1_HS2_HAW_1  Games & Interactivity Project 2","Lectures","Tue","4:30pm","6:30pm","2:00","HARRIS David","EN715","32-37,39‑44​"
"​EDU30015_1_HS2_HAW_1/SE1/01","EDU30015_1_HS2_HAW_1  Curriculum and Pedagogy for Primary: Practicum 3P","Seminars","Tue","4:30pm","7:30pm","3:00","PUDDY Gemma","EW303","32-36,39,43‑44​"
"​CVE80019_1_HS2_HAW_1/CL1/01","CVE80019_1_HS2_HAW_1  Structural Dynamics and Earthquake Engineering","Classes","Tue","5:30pm","7:30pm","2:00","MENEGON Scott","EN515","32-37,39‑44​"
"​EEE20005_1_HS2_HAW_1/LE1/01","EEE20005_1_HS2_HAW_1  Electrical Machines","Lectures","Tue","6:30pm","8:30pm","2:00","","EN715","32-37,39‑44​"
"​PEH20006_1_HS2_HAW_1/CL1/01","PEH20006_1_HS2_HAW_1  Water Science","Classes","Wed","8:30am","10:30am","2:00","ELDRIDGE Daniel","EN615","32-37,39‑44​"
"​ART20002_1_HS2_HAW_1/ST1/01","ART20002_1_HS2_HAW_1  Experimental Image-Making Processes","Studios","Wed","8:30am","11:30am","3:00","ROBERTSON Katherine","IS105/IS106","32-37,39‑44​"
"​EDU20002_1_HS2_HAW_1/CL1/02","EDU20002_1_HS2_HAW_1  Mathematics in Practice","Classes","Wed","8:30am","11:30am","3:00","CUTRI Jennifer","EW303","32-36,39,43‑44​"
"​EDU20053_1_HS2_HAW_1/CL1/01","EDU20053_1_HS2_HAW_1  Curriculum Planning and Assessment: Practicum 2","Classes","Wed","8:30am","11:30am","3:00","BENSON Ruth","EW301","32-36,39,43‑44​"
"​EDU40008_1_HS2_HAW_1/CL1/02","EDU40008_1_HS2_HAW_1  Arts Education","Classes","Wed","8:30am","11:30am","3:00","DAVIS Melinda","EW302","32-36,39,43‑44​"
"​0BStudySpace_1_NTP_SUT_1/SS1/08","0BStudySpace_1_NTP_SUT_1  Timetable Student Study Space Block","Study Space","Wed","8:30am","10:30pm","14:00","","GS217","32-37,39‑44​"
"​AVA20029_1_HS2_HAW_1/LE1/01","AVA20029_1_HS2_HAW_1  Airline Market Analysis and Network Planning","Lectures","Wed","9:30am","10:30am","1:00","LEI Zheng","EN413","32-37,39‑44​"
"​CSM80016_1_HS2_HAW_1/LE1/01","CSM80016_1_HS2_HAW_1  Estimating and Project Costing","Lectures","Wed","10:30am","12:30pm","2:00","BEAR Nolan","EN515","32-37,39‑44​"
"​MTH10010_1_HS2_HAW_1/LE1/01","MTH10010_1_HS2_HAW_1  Essential Mathematics","Lectures","Wed","10:30am","12:30pm","2:00","CHEN Zhenzhen","EN615","32-36,41‑44​"
"​MDA10012_1_HS2_HAW_1/LE1/01","MDA10012_1_HS2_HAW_1  Communicating with Data","Lectures","Wed","11:30am","12:30pm","1:00","","EN715","32-37,39‑44​"
"​ART20002_1_HS2_HAW_1/ST1/02","ART20002_1_HS2_HAW_1  Experimental Image-Making Processes","Studios","Wed","11:30am","2:30pm","3:00","DE YOUNG Meg","IS105/IS106","32-37,39‑44​"
"​EDU10001_2_HS2_HAW_1/CL1/02","EDU10001_2_HS2_HAW_1  Introduction to Curriculum Planning and Assessment: Practicum 1","Classes","Wed","11:30am","2:30pm","3:00","GAMAGE Erin","EW302","32-36,39,43‑44​"
"​EDU40011_1_HS2_HAW_1/CL1/01","EDU40011_1_HS2_HAW_1  Teaching the Humanities","Classes","Wed","11:30am","2:30pm","3:00","FORBES-ROLFE Janine","EW303","32-36,39,43‑44​"
"​AVA20009_2_HS2_HAW_1/LE1/01","AVA20009_2_HS2_HAW_1  Airspace Management and Air Traffic Services","Lectures","Wed","12:30pm","2:30pm","2:00","","EN715","32-37,39‑44​"
"​MKT20031_1_HS2_HAW_1/CL1/02","MKT20031_1_HS2_HAW_1  Marketing and Innovation","Classes","Wed","12:30pm","2:30pm","2:00","","EW301","32-37,39‑44​"
"​INV20003_1_HS2_HAW_1/CL1/01","INV20003_1_HS2_HAW_1  Applied Innovation Internship","Classes","Wed","1:30pm","3:30pm","2:00","","FS103","32​"
"​AVA30009_1_HS2_HAW_1/LE1/01","AVA30009_1_HS2_HAW_1  Aviation Capstone 2: Project Implementation","Lectures","Wed","2:30pm","3:30pm","1:00","","EN515","32,44​"
"​ENG40007_1_HS2_HAW_1/SE1/01","ENG40007_1_HS2_HAW_1  Engineering Technology Project A","Seminars","Wed","2:30pm","3:30pm","1:00","","EN413","32-37,39‑44​"
"​MTH30001_1_HS2_HAW_1/LE2/01","MTH30001_1_HS2_HAW_1  Stochastic Modelling","Lectures","Wed","2:30pm","3:30pm","1:00","RICHARDS David","EN615","32-37,39‑44​"
"​OCC80060_1_HT3_HAW_1/LE2/01","OCC80060_1_HT3_HAW_1  Enabling Participation: Mental Health 2","Lectures","Wed","2:30pm","4:30pm","2:00","","EN715","32-33,35​"
"​ART20002_1_HS2_HAW_1/ST1/03","ART20002_1_HS2_HAW_1  Experimental Image-Making Processes","Studios","Wed","2:30pm","5:30pm","3:00","","IS105/IS106","32-37,39‑44​"
"​EDU30069_1_HS2_HAW_1/CL1/01","EDU30069_1_HS2_HAW_1  Literacy and Numeracy across the Curriculum","Classes","Wed","2:30pm","5:30pm","3:00","HAN Di Cindy","EW303","32-36,39,43‑44​"
"​MTH30001_1_HS2_HAW_1/CL2/01","MTH30001_1_HS2_HAW_1  Stochastic Modelling","Classes","Wed","3:30pm","4:30pm","1:00","RICHARDS David","EN615","32-37,39‑44​"
"​EDU40007_1_HS2_HAW_1/CL1/01","EDU40007_1_HS2_HAW_1  Integrated Studies","Classes","Wed","3:30pm","6:30pm","3:00","","EW301","32-36,39,43‑44​"
"​CSM30005_2_HS2_HAW_1/LE1/01","CSM30005_2_HS2_HAW_1  Applications of Digital Technologies for Construction","Lectures","Wed","4:30pm","6:30pm","2:00","","EN615","32-37,39‑44​"
"​ENT30015_2_HS2_HAW_1/CL1/01","ENT30015_2_HS2_HAW_1  Entrepreneurship Launchpad","Classes","Thu","8:30am","10:30am","2:00","","EN715","32-37,39‑44​"
"​DDD30046_1_HS2_HAW_1/CL1/01","DDD30046_1_HS2_HAW_1  Commercial Photography on Location","Classes","Thu","8:30am","11:30am","3:00","BETTS Philip","IS105/IS106","32-37,39‑44​"
"​DDD70031_2_HS2_HAW_1/ST2/01","DDD70031_2_HS2_HAW_1  DFM: Designing Futures","Studios","Thu","8:30am","11:30am","3:00","","FS103","32-37,39‑44​"
"​EDU20003_1_HS2_HAW_1/CL1/01","EDU20003_1_HS2_HAW_1  Contemporary Perspectives of Learning and Development","Classes","Thu","8:30am","11:30am","3:00","TOPOLANSKY Beverley","EW302","32-36,39,43‑44​"
"​EDU40004_1_HS2_HAW_1/CL1/02","EDU40004_1_HS2_HAW_1  Advocacy and Social Justice","Classes","Thu","8:30am","11:30am","3:00","HARTUNG Catherine","EW303","32-36,39,43‑44​"
"​0BStudySpace_1_NTP_SUT_1/SS1/09","0BStudySpace_1_NTP_SUT_1  Timetable Student Study Space Block","Study Space","Thu","8:30am","10:30pm","14:00","","GS217","32-37,39‑44​"
"​BIO10001_1_HS2_HAW_1/LE2/01","BIO10001_1_HS2_HAW_1  Concepts of Biology","Lectures","Thu","9:30am","10:30am","1:00","SUMER Huseyin","EN413","32-37,39‑44​"
"​SOC30020_1_HS2_HAW_1/LE1/01","SOC30020_1_HS2_HAW_1  Changing our Climate","Lectures","Thu","9:30am","10:30am","1:00","BAILEY Aisling","EN515","32-37,39‑44​"
"​TNE10005_1_HS2_HAW_1/LE1/01","TNE10005_1_HS2_HAW_1  Network Administration","JTA Co-Code","Thu","9:30am","10:30am","1:00","TRAN Thi MyThao Utami","EN615","32-37,39‑44​"
"​TNE60002_1_HS2_HAW_1/LE1/01","TNE60002_1_HS2_HAW_1  Network Administration","JTA Co-Code","Thu","9:30am","10:30am","1:00","TRAN Thi MyThao Utami","EN615","32-37,39‑44​"
"​ACC10007_1_HS2_HAW_1/CL1/06","ACC10007_1_HS2_HAW_1  Financial Information for Decision Making","Classes","Thu","10:30am","12:30pm","2:00","WEBSTER John","EN413","32-37,39‑44​"
"​LAW30005_1_HS2_HAW_1/CL1/01","LAW30005_1_HS2_HAW_1  Law of Employment","Classes","Thu","10:30am","12:30pm","2:00","","EN715","32-37,39‑44​"
"​MDA20007_1_HS2_HAW_1/CL1/01","MDA20007_1_HS2_HAW_1  Screen Franchising and Innovation","Classes","Thu","10:30am","12:30pm","2:00","BURKE William (Liam)GOLDING DanielBALANZATEGUI Jessica","EN515","32-37,39‑44​"
"​PDE40001_2_HS2_HAW_1/LE2/01","PDE40001_2_HS2_HAW_1  Manufacturing Systems and Design","Lectures","Thu","10:30am","12:30pm","2:00","","EN615","32-37,39‑44​"
"​DDD30046_1_HS2_HAW_1/CL1/02","DDD30046_1_HS2_HAW_1  Commercial Photography on Location","Classes","Thu","11:30am","2:30pm","3:00","BETTS Philip","IS105/IS106","32-37,39‑44​"
"​EDU10027_1_HS2_HAW_1/CL1/01","EDU10027_1_HS2_HAW_1  Introduction to Curriculum Planning and Assessment for Primary: Practicum 1","Classes","Thu","11:30am","2:30pm","3:00","RICHARDS Gerarda","EW302","32-36,39,43‑44​"
"​EDU30006_1_HS2_HAW_1/CL1/01","EDU30006_1_HS2_HAW_1  Families, Community and Citizenship","Classes","Thu","11:30am","2:30pm","3:00","GAMAGE Erin","EW301","32-36,39,43‑44​"
"​EDU30016_1_HS2_HAW_1/CL1/01","EDU30016_1_HS2_HAW_1  Teaching in Australian Schools","Classes","Thu","12:30pm","3:30pm","3:00","FORBES-ROLFE Janine","EW303","32-36,39,43‑44​"
"​MDA20018_2_HS2_HAW_1/CL1/01","MDA20018_2_HS2_HAW_1  Popular Culture of the Asia Pacific","Classes","Thu","12:30pm","3:30pm","3:00","LYNCH Andrew","EN515","32-37,39‑44​"
"​BIO30004_1_HS2_HAW_1/LE1/01","BIO30004_1_HS2_HAW_1  Molecular Biotechnology","JTA Co-Code","Thu","2:30pm","4:30pm","2:00","CROMER Brett","EN413","32-37,39‑44​"
"​BIO60007_1_HS2_HAW_1/LE1/01","BIO60007_1_HS2_HAW_1  Biotechnology","JTA Co-Code","Thu","2:30pm","4:30pm","2:00","CROMER Brett","EN413","32-37,39‑44​"
"​EDU30006_1_HS2_HAW_1/CL1/02","EDU30006_1_HS2_HAW_1  Families, Community and Citizenship","Classes","Thu","2:30pm","5:30pm","3:00","GAMAGE Erin","EW301","32-36,39,43‑44​"
"​EDU40022_1_HS2_HAW_1/CL1/01","EDU40022_1_HS2_HAW_1  Innovation for Education","Classes","Thu","2:30pm","5:30pm","3:00","DAVIS Melinda","EW302","32-36,39,43‑44​"
"​AVA10016_1_HS2_HAW_1/LE1/01","AVA10016_1_HS2_HAW_1  Continuing Airworthiness Management","Lectures","Thu","3:30pm","5:30pm","2:00","","EN615","32-37,39‑44​"
"​MEE20005_2_HS2_HAW_1/LE3/01","MEE20005_2_HS2_HAW_1  Materials Processing and Machining","Lectures","Thu","4:30pm","5:30pm","1:00","MUKHLIS Reiza","EN715","32-34,39‑41​"
"​ICT80011_1_HS2_HAW_1/LE2/01","ICT80011_1_HS2_HAW_1  Research Methods","Lectures","Fri","8:30am","10:30am","2:00","","EN413","32,35,37​"
"​DDD30042_1_HS2_HAW_1/ST1/01","DDD30042_1_HS2_HAW_1  Photomedia Capstone Project","Streamed","Fri","8:30am","11:30am","3:00","MAGEE Morganna","IS105/IS106","32-37,39‑44​"
"​EDU10005_1_HS2_HAW_1/CL1/03","EDU10005_1_HS2_HAW_1  Indigenous Education and Perspectives","Classes","Fri","8:30am","11:30am","3:00","ROHDE Anne","EW303","32-36,39,43‑44​"
"​EDU20001_1_HS2_HAW_1/CL1/02","EDU20001_1_HS2_HAW_1  Developing Literacy","Classes","Fri","8:30am","11:30am","3:00","KEWANIAN Alina","EW302","32-36,39,43‑44​"
"​FOR30001_1_HS2_HAW_1/CL1/01","FOR30001_1_HS2_HAW_1  Advanced Topics in Forensic Psychology","Classes","Fri","8:30am","11:30am","3:00","PFEIFER Jeffrey","EN715","32-37,39‑44​"
"​0BStudySpace_1_NTP_SUT_1/SS1/10","0BStudySpace_1_NTP_SUT_1  Timetable Student Study Space Block","Study Space","Fri","8:30am","10:30pm","14:00","","GS217","32-37,39‑44​"
"​DDD70031_2_HS2_HAW_1/ST1/02","DDD70031_2_HS2_HAW_1  DFM: Designing Futures","JTA Co-Code","Fri","9:30am","12:30pm","3:00","","FS103","32-37,39‑44​"
"​DDD80013_3_HS2_HAW_1/ST1/01","DDD80013_3_HS2_HAW_1  DFM Practice: Innovation & Interdisciplinary Collaboration 2","JTA Co-Code","Fri","9:30am","12:30pm","3:00","","FS103","32-37,39‑44​"
"​DDD30042_1_HS2_HAW_1/ST2/01","DDD30042_1_HS2_HAW_1  Photomedia Capstone Project","Streamed","Fri","11:30am","2:30pm","3:00","MAGEE Morganna","IS105/IS106","32-37,39‑44​"
"​EDU10001_2_HS2_HAW_1/CL1/01","EDU10001_2_HS2_HAW_1  Introduction to Curriculum Planning and Assessment: Practicum 1","Classes","Fri","11:30am","2:30pm","3:00","GAMAGE Erin","EW301","32-36,39,43‑44​"
"​EDU20004_1_HS2_HAW_1/CL1/01","EDU20004_1_HS2_HAW_1  Understanding and Supporting Behaviour","Classes","Fri","11:30am","2:30pm","3:00","FIELDS Belinda","EW302","32-36,39,43‑44​"
"​CHE10005_2_HS2_HAW_1/LE1/01","CHE10005_2_HS2_HAW_1  Consumer Chemistry and Environmental Impact","Lectures","Fri","12:30pm","1:30pm","1:00","EVANS CoreyELDRIDGE DanielKINGSHOTT Peter","EN413","32-37,39‑44​"
"​MEE20003_2_HS2_HAW_1/LE1/01","MEE20003_2_HS2_HAW_1  Fluid Mechanics 1: Forces and Energy","Lectures","Fri","12:30pm","2:00pm","1:30","MANASSEH Richard","EN715","32-37,39‑44​"
"​EDU10005_1_HS2_HAW_1/CL1/01","EDU10005_1_HS2_HAW_1  Indigenous Education and Perspectives","Classes","Fri","12:30pm","3:30pm","3:00","ROHDE Anne","EW303","32-36,39,43‑44​"
"​DDD70031_2_HS2_HAW_1/ST1/04","DDD70031_2_HS2_HAW_1  DFM: Designing Futures","JTA Co-Code","Fri","1:30pm","4:30pm","3:00","","FS103","32-37,39‑44​"
"​DDD80013_3_HS2_HAW_1/ST1/04","DDD80013_3_HS2_HAW_1  DFM Practice: Innovation & Interdisciplinary Collaboration 2","JTA Co-Code","Fri","1:30pm","4:30pm","3:00","","FS103","32-37,39‑44​"
"​BIO10003_1_HS2_HAW_1/LE2/01","BIO10003_1_HS2_HAW_1  Concepts of Biotechnology","Lectures","Fri","2:30pm","3:30pm","1:00","SHAH RohanSUMER Huseyin","EN715","32-37,39‑44​"
"​MTH10012_1_HS2_HAW_1/LE1/01","MTH10012_1_HS2_HAW_1  Calculus and Applications","Streamed","Fri","2:30pm","4:30pm","2:00","HERNANDEZ MARTINEZ Paul","EN615","32-37,39‑44​"
"​EDU20001_1_HS2_HAW_1/CL1/01","EDU20001_1_HS2_HAW_1  Developing Literacy","Classes","Fri","2:30pm","5:30pm","3:00","KEWANIAN Alina","EW302","32-36,39,43‑44​"
"​INV10004_1_HS2_HAW_1/ST2/01","INV10004_1_HS2_HAW_1  Responsible Innovation Futures","Studios","Sat","9:30am","12:30pm","3:00","","FS103","32,34,40,42​"
"​INV10004_1_HS2_HAW_1/ST3/01","INV10004_1_HS2_HAW_1  Responsible Innovation Futures","Studios","Sat","1:30pm","4:30pm","3:00","","FS103","32,34,40,42​"
"​INV10004_1_HS2_HAW_1/ST1/01","INV10004_1_HS2_HAW_1  Responsible Innovation Futures","Studios","Wed","2:30pm","5:30pm","3:00","","FS103","33-34,36‑37,39,41​"
"​PSY40002_2_HS2_HAW_1/LE1/01","PSY40002_2_HS2_HAW_1  Honours Thesis B","Lectures","Fri","10:30am","12:30pm","2:00","","EN413","33-37,40,42‑44​"
"​0RB_1212202505366C5C8","","Booking_Accepted","Wed","11:30am","1:30pm","2:00","","EN413","34​"
"​0RB_031220250131E7656","","Booking_Accepted","Tue","8:30am","11:30am","3:00","","EN515","35​"
"​OCC60020_1_HT3_HAW_1/CL4/01","OCC60020_1_HT3_HAW_1  Enabling Participation: Musculoskeletal and Neurological 1","Classes","Mon","11:30am","12:30pm","1:00","","EN413","36​"
"​OCC60020_1_HT3_HAW_1/CL5/01","OCC60020_1_HT3_HAW_1  Enabling Participation: Musculoskeletal and Neurological 1","Classes","Mon","12:30pm","1:30pm","1:00","","EN715","36​"
"​0RB_101220250009138F1","","Booking_Accepted","Tue","12:30pm","3:30pm","3:00","","EN615","38​"
"​OCC60025_1_HT4_HAW_1/LE1/01","OCC60025_1_HT4_HAW_1  Enabling Participation: Children","Lectures","Mon","1:30pm","3:30pm","2:00","","EN615","39​"
"​0RB_021220252312A4265","","Booking_Accepted","Tue","2:30pm","4:30pm","2:00","","EN715","39​"
"​OCC80045_1_HT4_HAW_1/LE1/01","OCC80045_1_HT4_HAW_1  Enabling Participation: Complex Conditions and Populations","Lectures","Wed","8:30am","11:30am","3:00","","EN715","39​"
"​MEE30004_1_HS2_HAW_1/LE1/01","MEE30004_1_HS2_HAW_1  Solid Mechanics","Lectures","Wed","10:30am","12:30pm","2:00","","EN413","39-44​"
"​OCC80045_1_HT4_HAW_1/LE2/01","OCC80045_1_HT4_HAW_1  Enabling Participation: Complex Conditions and Populations","Lectures","Wed","2:30pm","4:30pm","2:00","","EN715","39​"
"​EDU60043_1_SQ4_HAW_1/WK1/02","EDU60043_1_SQ4_HAW_1  Curriculum Development, Assessment and Responsive Pedagogy","Workshops","Mon","8:30am","4:30pm","8:00","","EW302","40​"
"​EDU60055_1_HSB4_HAW_1/CL1/03","EDU60055_1_HSB4_HAW_1  Professionalism with Family, Community and Industry","Classes","Mon","10:30am","2:30pm","4:00","","EN615","40-45​"
"​COS10009_1_HS2_HAW_1/CL2/08","COS10009_1_HS2_HAW_1  Introduction to Programming","Classes","Mon","12:30pm","2:30pm","2:00","","EN413","40,43-44​"
"​EDU60043_1_SQ4_HAW_1/WK3/02","EDU60043_1_SQ4_HAW_1  Curriculum Development, Assessment and Responsive Pedagogy","Workshops","Wed","8:30am","12:30pm","4:00","","EW303","40​"
"​EDU80012_1_SQ4_HAW_1/WK3/02","EDU80012_1_SQ4_HAW_1  Understanding Indigenous Education and Perspectives","Workshops","Wed","8:30am","12:30pm","4:00","","EW302","40​"
"​EDU80013_1_SQ4_HAW_1/WK3/01","EDU80013_1_SQ4_HAW_1  Assessment and Data","Workshops","Wed","12:30pm","4:30pm","4:00","","EW302","40​"
"​EDU80050_1_SQ4_HAW_1/WK3/02","EDU80050_1_SQ4_HAW_1  Teacher Professionalism and Ethical Conduct","Workshops","Wed","12:30pm","4:30pm","4:00","","EW303","40​"
"​EDU80013_1_SQ4_HAW_1/WK1/02","EDU80013_1_SQ4_HAW_1  Assessment and Data","Workshops","Thu","8:30am","4:30pm","8:00","","EW303","40​"
"​EDU80050_1_SQ4_HAW_1/WK1/02","EDU80050_1_SQ4_HAW_1  Teacher Professionalism and Ethical Conduct","Workshops","Thu","8:30am","4:30pm","8:00","","EW302","40​"
"​0RB_05122025053551FB0","","Booking_Accepted","Fri","8:30am","4:30pm","8:00","","EW301EW302EW303AGSE107","41​"
"​0RB_031220250144B6486","","Booking_Accepted","Tue","8:30am","12:30pm","4:00","","EN515","42​"
"​0RB_03122025014832111","","Booking_Accepted","Tue","8:30am","2:30pm","6:00","","EW302AGSE110","42​"
"​0RB_0312202501514E5A8","","Booking_Accepted","Tue","11:30am","2:30pm","3:00","","TD304EW303TD220TD226TD305","42​"
"​BUS30032_1_HS2_HAW_1/WK1/04","BUS30032_1_HS2_HAW_1  Business Consulting Project","Streamed","Tue","9:30am","12:30pm","3:00","","EN515","44​"
"​OCC80045_1_HT4_HAW_1/LE5/01","OCC80045_1_HT4_HAW_1  Enabling Participation: Complex Conditions and Populations","Lectures","Wed","12:30pm","1:30pm","1:00","","EN413","44​"
"​BUS30032_1_HS2_HAW_1/WK1/06","BUS30032_1_HS2_HAW_1  Business Consulting Project","Streamed","Fri","8:30am","11:30am","3:00","","EN615","44​"
"​0BExams_1_NTP_SUT_1/EX1/08","0BExams_1_NTP_SUT_1  Exam","Exams","Mon","8:30am","10:30pm","14:00","","EN Level 2 FoyerEN Level 3 FoyerEN201EN202EN204EN205EN207EN301EN302EN303EN304EN307EN308EN310EN313EW301EW302EW303","45-47​"
"​0BExams_1_NTP_SUT_1/EX1/08","0BExams_1_NTP_SUT_1  Exam","Exams","Tue","8:30am","10:30pm","14:00","","EN Level 2 FoyerEN Level 3 FoyerEN201EN202EN204EN205EN207EN301EN302EN303EN304EN307EN308EN310EN313EW301EW302EW303","45-47​"
"​0BExams_1_NTP_SUT_1/EX1/08","0BExams_1_NTP_SUT_1  Exam","Exams","Wed","8:30am","10:30pm","14:00","","EN Level 2 FoyerEN Level 3 FoyerEN201EN202EN204EN205EN207EN301EN302EN303EN304EN307EN308EN310EN313EW301EW302EW303","45-47​"
"​0BExams_1_NTP_SUT_1/EX1/08","0BExams_1_NTP_SUT_1  Exam","Exams","Thu","8:30am","10:30pm","14:00","","EN Level 2 FoyerEN Level 3 FoyerEN201EN202EN204EN205EN207EN301EN302EN303EN304EN307EN308EN310EN313EW301EW302EW303","45-47​"
"​0BExams_1_NTP_SUT_1/EX1/08","0BExams_1_NTP_SUT_1  Exam","Exams","Fri","8:30am","10:30pm","14:00","","EN Level 2 FoyerEN Level 3 FoyerEN201EN202EN204EN205EN207EN301EN302EN303EN304EN307EN308EN310EN313EW301EW302EW303","45-47​"
"​0BExams_1_NTP_SUT_1/EX1/08","0BExams_1_NTP_SUT_1  Exam","Exams","Sat","8:30am","10:30pm","14:00","","EN Level 2 FoyerEN Level 3 FoyerEN201EN202EN204EN205EN207EN301EN302EN303EN304EN307EN308EN310EN313EW301EW302EW303","45-47​"
"​0BExams_1_NTP_SUT_1/EX1/08","0BExams_1_NTP_SUT_1  Exam","Exams","Sun","8:30am","10:30pm","14:00","","EN Level 2 FoyerEN Level 3 FoyerEN201EN202EN204EN205EN207EN301EN302EN303EN304EN307EN308EN310EN313EW301EW302EW303","45-47​"
"​0RB_0312202502036F6DC","","Booking_Accepted","Tue","8:30am","4:30pm","8:00","","ATC320ATC327EW301EW302EW303","49​"
"​0RB_031220250216E9EA4","","Booking_Accepted","Wed","8:30am","3:30pm","7:00","","EW301EW302EW303SPW112SPW111","49​"
"​0RB_101220250011370C9","","Booking_Accepted","Thu","9:30am","12:30pm","3:00","","EN615","50​"
"​0BExams_1_NTP_SUT_1/EX1/14","0BExams_1_NTP_SUT_1  Exam","Exams","Mon","8:30am","10:30pm","14:00","","ATC328ATC329ATC625ATC626EN201EN202EN203EN204EN205EN207EN210EN214EN303EN304EN307EN308EW301EW302EW303","51​"
"​0BExams_1_NTP_SUT_1/EX1/14","0BExams_1_NTP_SUT_1  Exam","Exams","Tue","8:30am","10:30pm","14:00","","ATC328ATC329ATC625ATC626EN201EN202EN203EN204EN205EN207EN210EN214EN303EN304EN307EN308EW301EW302EW303","51​"
"​0BExams_1_NTP_SUT_1/EX1/14","0BExams_1_NTP_SUT_1  Exam","Exams","Wed","8:30am","10:30pm","14:00","","ATC328ATC329ATC625ATC626EN201EN202EN203EN204EN205EN207EN210EN214EN303EN304EN307EN308EW301EW302EW303","51​"
"​0BExams_1_NTP_SUT_1/EX1/14","0BExams_1_NTP_SUT_1  Exam","Exams","Thu","8:30am","10:30pm","14:00","","ATC328ATC329ATC625ATC626EN201EN202EN203EN204EN205EN207EN210EN214EN303EN304EN307EN308EW301EW302EW303","51​"
"​0BExams_1_NTP_SUT_1/EX1/14","0BExams_1_NTP_SUT_1  Exam","Exams","Fri","8:30am","10:30pm","14:00","","ATC328ATC329ATC625ATC626EN201EN202EN203EN204EN205EN207EN210EN214EN303EN304EN307EN308EW301EW302EW303","51​"
"​0BExams_1_NTP_SUT_1/EX1/14","0BExams_1_NTP_SUT_1  Exam","Exams","Sat","8:30am","10:30pm","14:00","","ATC328ATC329ATC625ATC626EN201EN202EN203EN204EN205EN207EN210EN214EN303EN304EN307EN308EW301EW302EW303","51​"
"​0BExams_1_NTP_SUT_1/EX1/14","0BExams_1_NTP_SUT_1  Exam","Exams","Sun","8:30am","10:30pm","14:00","","ATC328ATC329ATC625ATC626EN201EN202EN203EN204EN205EN207EN210EN214EN303EN304EN307EN308EW301EW302EW303","51​"